customerID,firstName,lastName,email,phone,address
1,Ulick,Nazer,unazer0@china.com.cn,885-281-7926,43845 Wayridge Plaza
2,Rinaldo,Batey,rbatey1@woothemes.com,381-999-2401,223 Crownhardt Court
3,Jodie,MacAlester,jmacalester2@weebly.com,433-146-7648,90304 Karstens Point
4,Lionello,Covotto,lcovotto3@java.com,535-732-5366,5 Stone Corner Trail
5,Shellysheldon,Matthewman,smatthewman4@wunderground.com,430-130-5372,93632 Manufacturers Way
6,Anders,Clausewitz,aclausewitz5@hibu.com,829-682-9083,6043 Gateway Court
7,Leopold,Tynewell,ltynewell6@hao123.com,245-780-9475,0 Vermont Circle
8,Briant,Cole,bcole7@mail.ru,898-887-2111,406 Jay Way
9,Kristien,Shadfourth,kshadfourth8@indiatimes.com,231-578-3869,0255 Manitowish Place
10,Katee,Willett,kwillett9@java.com,913-123-3069,573 Walton Hill
11,Garvin,Warcop,gwarcopa@vinaora.com,222-405-0549,3 Annamark Parkway
12,Bamby,Turville,bturvilleb@wiley.com,905-585-0668,0 Longview Parkway
13,Susie,McNevin,smcnevinc@t.co,387-768-4582,65 Muir Street
14,Willamina,Paridge,wparidged@bluehost.com,752-659-0811,1 Jenna Point
15,Enrico,Arnholdt,earnholdte@feedburner.com,905-903-6413,3 Twin Pines Road
16,Lucio,Wike,lwikef@bbb.org,623-505-9115,94738 Kipling Avenue
17,Lucho,Dumke,ldumkeg@microsoft.com,121-800-6161,3 Union Alley
18,Lida,Sidey,lsideyh@prnewswire.com,741-211-3275,48 Heffernan Street
19,Ivory,Boichat,iboichati@zdnet.com,871-483-4785,44 Bunker Hill Crossing
20,Thom,Moorman,tmoormanj@delicious.com,262-748-1875,2 Orin Street
21,Robers,Dahmel,rdahmelk@histats.com,143-557-7140,22 Little Fleur Place
22,Eda,Greschik,egreschikl@yahoo.com,574-184-5318,8625 Fordem Alley
23,Dell,Noakes,dnoakesm@huffingtonpost.com,148-831-5885,07 Forster Street
24,Abby,Denerley,adenerleyn@engadget.com,491-592-5919,5198 Eagle Crest Center
25,Jolee,Feckey,jfeckeyo@gravatar.com,749-337-0207,8287 Bayside Avenue
26,Sallee,Shawell,sshawellp@seattletimes.com,593-736-6427,37763 Londonderry Way
27,Evy,Blazejewski,eblazejewskiq@nhs.uk,729-498-7736,0596 Westridge Parkway
28,Leisha,Facchini,lfacchinir@dot.gov,688-327-1517,6 Northfield Parkway
29,Cheslie,Barbera,cbarberas@fda.gov,546-671-6515,7 Badeau Way
30,Dasi,Matiashvili,dmatiashvilit@ucoz.com,333-957-9696,6 Union Crossing
31,Tedmund,Le Prevost,tleprevostu@opera.com,680-216-1652,33508 Pennsylvania Way
32,Odelia,Corryer,ocorryerv@nyu.edu,995-240-0674,13313 Nevada Court
33,Valma,Anstead,vansteadw@parallels.com,553-308-7591,6758 Algoma Plaza
34,Nap,Altree,naltreex@csmonitor.com,558-964-0145,67746 Crownhardt Way
35,Paula,Loram,ploramy@yandex.ru,448-647-8871,15 Summit Point
36,Roderic,L'Hommeau,rlhommeauz@msn.com,868-810-1951,041 Hazelcrest Park
37,Cayla,Filan,cfilan10@wunderground.com,819-760-9510,8474 Eastlawn Lane
38,Gabie,Upex,gupex11@yellowpages.com,517-878-2567,277 Carioca Drive
39,Amerigo,Elford,aelford12@loc.gov,602-400-2770,0268 Toban Avenue
40,Eddy,Ilive,eilive13@ustream.tv,290-395-2373,8 Spenser Alley
41,Jeanne,Petrozzi,jpetrozzi14@scribd.com,583-953-9416,4 Hayes Center
42,Melvyn,Robuchon,mrobuchon15@cmu.edu,833-907-2120,10678 Dawn Street
43,Cassy,St Angel,cstangel16@digg.com,642-113-2056,6174 Packers Crossing
44,Hildegarde,Deacock,hdeacock17@google.cn,423-780-5955,9459 Northwestern Terrace
45,Lisabeth,Bairnsfather,lbairnsfather18@seesaa.net,438-702-9494,445 Brown Point
46,Francyne,Malatalant,fmalatalant19@cocolog-nifty.com,846-623-1181,88007 Elka Pass
47,Merci,Rabbitts,mrabbitts1a@blogs.com,304-925-9818,0766 Dunning Hill
48,Kelcie,Kilban,kkilban1b@census.gov,569-621-6822,242 Merrick Crossing
49,Saloma,Cudd,scudd1c@redcross.org,387-356-1933,937 David Junction
50,Alano,Ciccarelli,aciccarelli1d@mapy.cz,354-996-9650,87 Bluestem Avenue
51,Cleavland,Dagg,cdagg1e@amazon.com,616-571-0614,43 Holy Cross Hill
52,Archambault,Murty,amurty1f@bandcamp.com,387-719-6951,97482 Barnett Road
53,Padriac,Jentges,pjentges1g@qq.com,844-592-0400,0 Cordelia Point
54,Olvan,Le Fevre,olefevre1h@creativecommons.org,378-516-5482,18661 Dorton Trail
55,Clarie,Scougal,cscougal1i@nymag.com,202-844-3951,61670 Dryden Lane
56,Karl,Schiefersten,kschiefersten1j@princeton.edu,886-227-1039,7 Oriole Avenue
57,Manuel,O' Hogan,mohogan1k@economist.com,899-794-7782,65128 Bellgrove Road
58,Gigi,Hannam,ghannam1l@moonfruit.com,219-200-9107,1 Quincy Plaza
59,Morganne,Stallworthy,mstallworthy1m@wikispaces.com,792-442-7490,2 Maywood Way
60,Stinky,Zack,szack1n@soup.io,118-546-1384,53 Ohio Alley
61,Creight,McNern,cmcnern1o@amazon.de,504-711-1702,5349 Sutteridge Pass
62,Penny,Bellin,pbellin1p@reference.com,797-900-3950,6629 Toban Trail
63,Yehudit,Kollach,ykollach1q@state.tx.us,758-551-9568,9 Dayton Crossing
64,Fancy,Caherny,fcaherny1r@comcast.net,561-944-6941,5 Morningstar Hill
65,Juliette,Tooher,jtooher1s@shinystat.com,402-830-7507,33 Hazelcrest Plaza
66,Eileen,Izakov,eizakov1t@ftc.gov,814-605-0372,131 Loftsgordon Avenue
67,Lee,Curle,lcurle1u@netlog.com,647-498-5585,8903 Brown Hill
68,Wiley,Abells,wabells1v@europa.eu,171-895-2427,0 Melby Crossing
69,Gwenora,Welburn,gwelburn1w@prnewswire.com,261-755-2275,5612 Transport Circle
70,Eleonora,Mahady,emahady1x@state.gov,829-569-6742,95169 Dryden Pass
71,Carri,Martinec,cmartinec1y@live.com,727-470-7446,59059 Ridge Oak Road
72,Baron,Hounsom,bhounsom1z@hubpages.com,407-848-4800,14845 East Point
73,Sheeree,Stranks,sstranks20@parallels.com,864-590-1587,5663 Bowman Center
74,Valaree,Bick,vbick21@bbc.co.uk,530-308-4490,8619 Jay Road
75,Avictor,Hadley,ahadley22@intel.com,386-410-4628,1676 Grover Court
76,Gennie,Broome,gbroome23@rambler.ru,115-144-8284,4986 Knutson Avenue
77,Wendye,Geggus,wgeggus24@netlog.com,587-816-5719,094 Dixon Circle
78,Breena,Asgodby,basgodby25@alibaba.com,173-183-8184,90 Meadow Valley Alley
79,Blake,Organer,borganer26@europa.eu,699-816-3640,19150 Corry Plaza
80,Brice,McGowing,bmcgowing27@pcworld.com,261-946-2433,51995 Sachtjen Trail
81,Frank,Lambrook,flambrook28@sciencedirect.com,268-308-0525,8840 Buhler Avenue
82,Ethelin,Eddis,eeddis29@facebook.com,870-361-7272,49444 Grover Plaza
83,Rik,Davydenko,rdavydenko2a@tamu.edu,450-210-1807,4 Delladonna Hill
84,Lark,Tunsley,ltunsley2b@techcrunch.com,998-334-7505,22305 Memorial Center
85,Carmelia,Warin,cwarin2c@guardian.co.uk,516-900-0687,17 Golden Leaf Hill
86,Ursulina,Korf,ukorf2d@fotki.com,585-260-3634,6 Westend Way
87,Arlin,Grishakov,agrishakov2e@unesco.org,219-371-6933,46655 Hayes Park
88,Nerita,Jodlowski,njodlowski2f@dagondesign.com,260-546-4892,3 Welch Parkway
89,Thadeus,Larchiere,tlarchiere2g@uol.com.br,549-737-7510,28 Summer Ridge Crossing
90,Aldo,Eckersall,aeckersall2h@bravesites.com,984-149-0013,181 Kipling Court
91,Deena,Romanin,dromanin2i@ucoz.com,751-251-0406,48030 Gateway Trail
92,Sam,Henzley,shenzley2j@walmart.com,232-402-7032,793 Ronald Regan Hill
93,Thatch,Colby,tcolby2k@baidu.com,604-907-2818,25650 John Wall Trail
94,Norris,Sendley,nsendley2l@edublogs.org,172-182-4872,18799 Blackbird Point
95,Stephine,Conry,sconry2m@nationalgeographic.com,440-433-3516,55 Summer Ridge Court
96,Hadleigh,Mundall,hmundall2n@addtoany.com,184-979-8819,64 Cascade Place
97,Leland,Lakenden,llakenden2o@elegantthemes.com,637-647-4604,52 Oxford Pass
98,Pansie,Trevance,ptrevance2p@last.fm,932-214-4195,934 Meadow Valley Plaza
99,Lilith,O'Donohue,lodonohue2q@gnu.org,760-959-5976,1 Sachtjen Junction
100,Penelope,Jardein,pjardein2r@washington.edu,723-720-7274,25684 Hoffman Way
101,Sascha,Schulke,sschulke2s@msu.edu,330-573-1794,750 Longview Junction
102,Tiphany,Benfell,tbenfell2t@geocities.jp,434-339-3570,6 Fuller Trail
103,Willow,Hamblyn,whamblyn2u@networkadvertising.org,329-589-9198,45 Hovde Drive
104,Corabelle,Northfield,cnorthfield2v@booking.com,527-281-8971,2 Sycamore Pass
105,Magdalena,Cattini,mcattini2w@squarespace.com,948-479-3881,335 Straubel Alley
106,Bartholemy,Reveley,breveley2x@mtv.com,607-598-4195,81866 Thompson Drive
107,Magdalene,Snoddy,msnoddy2y@sun.com,110-234-5045,4740 Texas Court
108,Sarah,Annis,sannis2z@infoseek.co.jp,684-694-8732,4 Alpine Terrace
109,Dido,Joddens,djoddens30@nytimes.com,430-523-4267,3 Charing Cross Street
110,Carmela,Sysland,csysland31@china.com.cn,576-314-1160,3514 Lighthouse Bay Way
111,Kenna,Townshend,ktownshend32@dyndns.org,208-242-2732,76 New Castle Hill
112,Sibley,Wedderburn,swedderburn33@taobao.com,770-487-1297,7240 Logan Center
113,George,Millions,gmillions34@51.la,284-940-8628,65261 Lakewood Gardens Crossing
114,Pandora,Abramovitz,pabramovitz35@wunderground.com,369-458-9298,582 Ohio Way
115,Martie,Pimerick,mpimerick36@virginia.edu,515-593-6415,37 Holy Cross Plaza
116,Janey,Wycliff,jwycliff37@facebook.com,378-703-8202,87 Bowman Junction
117,Lucho,Mattiazzi,lmattiazzi38@over-blog.com,706-840-2557,8 Kensington Court
118,Osborn,Bourke,obourke39@topsy.com,823-458-7664,9 Coleman Hill
119,Jens,Sails,jsails3a@ehow.com,874-804-2241,53 Marcy Trail
120,Sylvia,Gulk,sgulk3b@ehow.com,813-489-6654,336 Gulseth Street
121,Bary,Alenikov,balenikov3c@bluehost.com,757-605-4187,4397 Dunning Court
122,Ericka,Ferrandez,eferrandez3d@scribd.com,571-990-8884,3 Westend Pass
123,Berte,Koschke,bkoschke3e@tmall.com,457-538-3389,71570 Lakewood Street
124,Phaidra,Furnival,pfurnival3f@reuters.com,993-459-8240,63443 Claremont Junction
125,Care,Imort,cimort3g@dyndns.org,162-952-0709,7383 Longview Hill
126,Melanie,Havard,mhavard3h@state.tx.us,675-930-8068,70 Valley Edge Lane
127,Tomasine,Lightwing,tlightwing3i@unblog.fr,272-111-1798,7 Eagan Trail
128,Marilyn,Littlejohn,mlittlejohn3j@newsvine.com,103-260-7464,14 Melvin Trail
129,Ly,Deshon,ldeshon3k@kickstarter.com,375-689-4396,29 Gerald Point
130,Louisette,Snead,lsnead3l@imdb.com,497-477-9063,5 Scott Way
131,Emmanuel,MacEntee,emacentee3m@businessinsider.com,191-283-7625,81792 Gale Place
132,Sharl,Monnelly,smonnelly3n@so-net.ne.jp,414-800-9481,03 Spohn Plaza
133,Urbano,Hazelden,uhazelden3o@exblog.jp,459-612-5873,705 Debra Center
134,Fredia,Doggerell,fdoggerell3p@ox.ac.uk,107-282-9237,3 Anderson Hill
135,Jacklin,Kenion,jkenion3q@aboutads.info,347-338-7213,3 Corry Point
136,Marlo,Marchetti,mmarchetti3r@wufoo.com,340-556-3807,8903 Briar Crest Park
137,Rowland,Casterton,rcasterton3s@hao123.com,195-332-1743,94461 Tennyson Court
138,Freddy,Douglas,fdouglas3t@nifty.com,260-246-7664,5303 Merry Crossing
139,Blair,Lafay,blafay3u@cam.ac.uk,216-336-9768,24 Portage Center
140,Neddie,Kees,nkees3v@ucoz.ru,816-184-1770,79690 Sommers Parkway
141,Jess,Dibbs,jdibbs3w@comcast.net,772-465-1445,9795 Mifflin Junction
142,Vincenz,McNally,vmcnally3x@usgs.gov,386-862-3245,10 East Street
143,Hermia,McTear,hmctear3y@github.io,319-262-6117,95 Montana Court
144,Jori,Probbings,jprobbings3z@clickbank.net,982-669-1298,90095 Rieder Lane
145,Sigismond,Spykings,sspykings40@nbcnews.com,726-833-1313,9160 Hanson Trail
146,Alphonse,Dommerque,adommerque41@telegraph.co.uk,279-725-7830,4229 Golden Leaf Lane
147,Becky,Clines,bclines42@barnesandnoble.com,596-509-3937,8 Katie Avenue
148,Ephrayim,Arkwright,earkwright43@slate.com,138-773-6701,49 Hazelcrest Court
149,Rachelle,Jenne,rjenne44@cnn.com,260-632-4036,5167 Westend Terrace
150,Merrill,McNabb,mmcnabb45@mapy.cz,331-998-7675,834 Ludington Lane
151,Ophelie,Jaquemar,ojaquemar46@ning.com,285-800-4440,09 Forster Park
152,Wandie,Farriar,wfarriar47@ustream.tv,819-215-8916,693 Carioca Pass
153,Emyle,Beckham,ebeckham48@cbslocal.com,818-106-2079,79610 Amoth Point
154,Lorenza,Darrach,ldarrach49@elpais.com,129-494-4510,38203 8th Trail
155,Madel,Salzberg,msalzberg4a@reddit.com,276-884-2444,73 Talisman Lane
156,Winona,Warlawe,wwarlawe4b@sohu.com,596-990-1286,443 Nevada Court
157,Layla,Goulstone,lgoulstone4c@gmpg.org,803-195-0592,6464 Texas Center
158,Shelba,Bramo,sbramo4d@google.com.br,463-460-6192,91063 Kinsman Point
159,Jefferson,Ramsell,jramsell4e@statcounter.com,163-234-4830,59 Fuller Parkway
160,Emma,Middleditch,emiddleditch4f@nifty.com,409-236-6568,18411 Utah Alley
161,Ellis,Symington,esymington4g@latimes.com,309-647-1285,844 Merchant Alley
162,Kyle,Patnelli,kpatnelli4h@google.ru,620-957-7916,8379 Stuart Pass
163,Reeba,Shillington,rshillington4i@51.la,861-518-3083,0431 Summerview Parkway
164,Louisa,Whyberd,lwhyberd4j@ovh.net,620-912-6343,4663 Petterle Plaza
165,Catlin,Broun,cbroun4k@chron.com,631-748-8616,20581 Hazelcrest Lane
166,Cozmo,Northridge,cnorthridge4l@woothemes.com,421-968-8428,399 Huxley Hill
167,Pietrek,Spridgeon,pspridgeon4m@irs.gov,280-661-0421,56 Di Loreto Pass
168,Liva,Bourrel,lbourrel4n@prweb.com,428-556-8527,56 Brentwood Hill
169,Stefan,Officer,sofficer4o@nymag.com,393-876-5767,317 Pepper Wood Junction
170,Fredek,Kennon,fkennon4p@ovh.net,633-929-7364,7581 Clyde Gallagher Point
171,Murial,Gribbin,mgribbin4q@harvard.edu,239-797-4057,57669 Schmedeman Road
172,Hillyer,Kerkham,hkerkham4r@wikia.com,903-613-5982,092 Aberg Drive
173,Markos,Daffey,mdaffey4s@webnode.com,895-403-1767,8 Oakridge Avenue
174,Radcliffe,Brychan,rbrychan4t@ning.com,402-289-2532,9 Johnson Terrace
175,Cozmo,Ancliffe,cancliffe4u@de.vu,908-212-4815,3 Mcguire Circle
176,Missy,Brimblecomb,mbrimblecomb4v@clickbank.net,465-910-0962,4 Stuart Parkway
177,Horatius,Hamstead,hhamstead4w@fotki.com,453-267-8085,4 Upham Road
178,Druci,Recher,drecher4x@discovery.com,392-775-1949,4 Fairview Park
179,Phedra,Theseira,ptheseira4y@marriott.com,987-630-2733,114 Elka Hill
180,Moises,Tumility,mtumility4z@hhs.gov,723-892-7635,467 Fulton Hill
181,Alvan,Phelan,aphelan50@ted.com,392-114-7919,65107 Anniversary Avenue
182,Indira,Alessandrucci,ialessandrucci51@samsung.com,553-775-8294,96 Prairie Rose Street
183,Fidole,Berthomier,fberthomier52@domainmarket.com,784-269-2863,6 Jackson Circle
184,Doralyn,Bartocci,dbartocci53@icio.us,359-858-1822,78 Northfield Point
185,Sarita,Sleightholme,ssleightholme54@csmonitor.com,845-276-5114,13 Monica Plaza
186,Alida,Russon,arusson55@netvibes.com,848-403-2302,689 Sauthoff Point
187,Chan,Zorer,czorer56@ehow.com,401-948-4923,1022 Burning Wood Circle
188,Bea,Lackey,blackey57@statcounter.com,260-529-5730,10 Gateway Lane
189,Stanly,Kornas,skornas58@europa.eu,884-376-5467,24410 Dwight Circle
190,Daphna,Burke,dburke59@fema.gov,480-458-8587,56 Golf View Alley
191,Ebenezer,Halbard,ehalbard5a@creativecommons.org,878-364-8184,034 Lawn Street
192,Arin,MacIllrick,amacillrick5b@altervista.org,722-191-2369,28841 Kedzie Pass
193,Vivianne,Atterbury,vatterbury5c@shop-pro.jp,604-559-9498,13491 Melody Street
194,Pippa,McCobb,pmccobb5d@engadget.com,873-656-1912,7702 Buell Park
195,Aguie,Mouget,amouget5e@acquirethisname.com,949-555-6747,820 Oneill Hill
196,Christos,Benardet,cbenardet5f@drupal.org,725-837-6576,65 Burrows Parkway
197,Joyan,Manoelli,jmanoelli5g@pen.io,490-362-0753,59 Forster Terrace
198,Bar,Fechnie,bfechnie5h@mtv.com,474-513-5413,8904 Longview Pass
199,Wyndham,Kenshole,wkenshole5i@fema.gov,376-252-4765,118 Truax Drive
200,Findlay,Peller,fpeller5j@hud.gov,729-438-8596,53 Dayton Pass
201,Florence,McAuslene,fmcauslene5k@independent.co.uk,400-987-4930,29836 Vidon Street
202,Connor,Docharty,cdocharty5l@google.fr,810-298-6747,9892 Roxbury Trail
203,Tibold,Pre,tpre5m@techcrunch.com,226-178-2062,122 Eastlawn Park
204,Joe,Maffulli,jmaffulli5n@usgs.gov,485-996-6055,50 Northridge Park
205,Loella,Formoy,lformoy5o@engadget.com,873-544-5880,23743 Forest Trail
206,Nancee,Clipsham,nclipsham5p@squidoo.com,423-110-0766,37387 Morning Trail
207,Sol,Crowley,scrowley5q@oaic.gov.au,153-434-4943,7122 Macpherson Place
208,Andreas,Polycote,apolycote5r@walmart.com,481-942-9416,02 Fremont Alley
209,Auria,Leindecker,aleindecker5s@com.com,679-488-0684,629 Jenna Avenue
210,Anitra,McGloughlin,amcgloughlin5t@elegantthemes.com,132-996-9949,6 Dwight Pass
211,Cami,Walbrook,cwalbrook5u@1und1.de,479-441-5777,5 Manley Alley
212,Rodie,Broomhead,rbroomhead5v@altervista.org,513-400-2158,6066 Swallow Center
213,Emalia,Whitlaw,ewhitlaw5w@nbcnews.com,156-627-8286,7854 Fairview Pass
214,Bank,Joscelyne,bjoscelyne5x@google.co.uk,908-540-4784,04859 Northwestern Parkway
215,Cati,Croneen,ccroneen5y@goo.gl,405-983-5554,6790 Dorton Court
216,Beryle,Jeannet,bjeannet5z@un.org,567-273-6212,82165 Carioca Place
217,Tansy,Franca,tfranca60@virginia.edu,184-854-7228,58138 Reindahl Park
218,Huntington,Forsaith,hforsaith61@jiathis.com,650-189-5195,65 Emmet Hill
219,Hayward,Guiel,hguiel62@alexa.com,450-109-0953,76 Scoville Pass
220,Jermaine,Tranfield,jtranfield63@devhub.com,566-113-4064,422 Parkside Park
221,Joly,Bohike,jbohike64@tripadvisor.com,332-947-5942,21 Dryden Avenue
222,Arlette,Burder,aburder65@issuu.com,486-140-7837,072 Fulton Pass
223,Nollie,Quinnelly,nquinnelly66@craigslist.org,880-231-4081,9 Jackson Terrace
224,Karena,Fosdick,kfosdick67@typepad.com,883-532-0697,558 Brickson Park Way
225,Nonah,Cuss,ncuss68@usgs.gov,909-209-8751,084 Eagle Crest Lane
226,Sammie,Dantesia,sdantesia69@cloudflare.com,708-260-5891,8518 Summer Ridge Hill
227,Korrie,Boyn,kboyn6a@berkeley.edu,637-944-4974,30571 Fremont Place
228,Burk,Tremmil,btremmil6b@earthlink.net,812-412-9650,63558 Anniversary Pass
229,Alasteir,Fishlee,afishlee6c@tinyurl.com,721-167-8283,37643 Coolidge Alley
230,Lynsey,Capelow,lcapelow6d@freewebs.com,809-625-6615,52 Kedzie Street
231,Abbey,Orrom,aorrom6e@youtube.com,136-516-1553,72816 Schurz Plaza
232,Diandra,McCreery,dmccreery6f@sphinn.com,217-245-1962,28 Bunting Circle
233,Taber,Blader,tblader6g@vimeo.com,486-859-8750,298 Monterey Circle
234,Bobbi,Marsie,bmarsie6h@chron.com,671-512-3641,849 Springs Road
235,Cecilio,Cusick,ccusick6i@1688.com,191-754-6533,398 Vernon Road
236,Stanfield,Rizon,srizon6j@pen.io,498-521-9982,21 Valley Edge Place
237,Jenica,Kayes,jkayes6k@amazon.co.uk,428-553-8155,0396 Dixon Park
238,Jobina,Hallifax,jhallifax6l@prnewswire.com,538-956-7735,1 School Circle
239,Sigismund,Lannon,slannon6m@pagesperso-orange.fr,479-948-4883,8497 Thompson Crossing
240,Lenci,Morse,lmorse6n@guardian.co.uk,978-556-4739,5 Colorado Hill
241,Berrie,Abell,babell6o@tmall.com,137-757-9347,76 Erie Place
242,Datha,Rainford,drainford6p@merriam-webster.com,121-924-3490,00 Erie Street
243,Fredra,Tiplady,ftiplady6q@umn.edu,100-615-3413,0304 Quincy Way
244,Walther,Nys,wnys6r@nydailynews.com,289-208-8730,6474 Golf View Alley
245,Batsheva,Hame,bhame6s@who.int,330-215-6858,7744 Green Lane
246,Orelie,Pardon,opardon6t@ehow.com,760-919-3053,189 Express Road
247,Adrian,Eddington,aeddington6u@weather.com,179-802-9992,5 Melby Park
248,Nessa,Marland,nmarland6v@over-blog.com,827-195-1642,83 Holmberg Circle
249,Hillie,Borris,hborris6w@disqus.com,551-515-6587,7 Heffernan Way
250,Cirillo,Oleksiak,coleksiak6x@biglobe.ne.jp,814-240-7892,9306 Armistice Trail
251,Dulci,Grills,dgrills6y@free.fr,191-582-3513,230 Beilfuss Road
252,Karlotte,Petrakov,kpetrakov6z@ifeng.com,982-442-4544,7 5th Alley
253,Janifer,Westbury,jwestbury70@ucoz.com,967-587-4754,68 Sycamore Way
254,Kristin,Brace,kbrace71@a8.net,334-132-4897,6 Southridge Lane
255,Nickolai,MacNeil,nmacneil72@amazonaws.com,462-606-6922,22 Welch Avenue
256,Brion,Cozby,bcozby73@prnewswire.com,735-720-0951,0476 Redwing Point
257,Phylis,Pfeifer,ppfeifer74@bing.com,313-727-3100,4 Arizona Road
258,Ellen,Cuddy,ecuddy75@unblog.fr,482-827-3638,6725 Old Gate Junction
259,Albertina,Millhouse,amillhouse76@jigsy.com,780-874-7706,8 Everett Junction
260,Charyl,Potteridge,cpotteridge77@barnesandnoble.com,642-649-6023,50161 Comanche Road
261,Brigham,Mulligan,bmulligan78@hugedomains.com,319-673-4047,321 Susan Street
262,Jesselyn,Schoffler,jschoffler79@storify.com,223-158-8687,720 Amoth Junction
263,Oralia,Dacca,odacca7a@psu.edu,216-648-0480,6 John Wall Park
264,Ezekiel,MacKowle,emackowle7b@yellowpages.com,516-445-4129,94 Meadow Valley Lane
265,Annnora,Tesimon,atesimon7c@dagondesign.com,424-399-4252,643 Rigney Hill
266,Ellynn,Caswell,ecaswell7d@ow.ly,805-177-8080,4751 Vidon Street
267,Demeter,Kendrew,dkendrew7e@woothemes.com,577-396-8351,0000 Morningstar Street
268,Diannne,Negro,dnegro7f@nhs.uk,248-125-8499,279 Tomscot Road
269,Noam,Wardrop,nwardrop7g@yahoo.com,582-445-9258,6931 Brown Trail
270,Geri,Elnough,gelnough7h@amazon.co.uk,868-458-0010,1 Barnett Hill
271,Trumaine,Tomalin,ttomalin7i@people.com.cn,398-962-4953,7 Haas Terrace
272,Quentin,Sidebottom,qsidebottom7j@google.it,814-435-4885,49182 Northview Pass
273,Phillipp,Whitechurch,pwhitechurch7k@printfriendly.com,991-689-1859,06204 Merry Lane
274,Sallyanne,Glendining,sglendining7l@dmoz.org,199-156-8852,6 Goodland Way
275,Kora,Jaukovic,kjaukovic7m@tumblr.com,719-196-3996,0447 Calypso Circle
276,Gerty,Fort,gfort7n@uol.com.br,786-189-5091,7088 Kingsford Way
277,Rosana,Mattis,rmattis7o@skype.com,501-684-8038,1891 Crescent Oaks Road
278,Ripley,McGenn,rmcgenn7p@rediff.com,966-350-9819,76 Eggendart Lane
279,Gennifer,Chadwell,gchadwell7q@jigsy.com,298-727-6517,36 Thierer Plaza
280,Waiter,Bogges,wbogges7r@businessinsider.com,951-736-6759,7 Mcguire Alley
281,Karia,Noblett,knoblett7s@hugedomains.com,445-225-2954,4 Bunker Hill Pass
282,Muire,Krollman,mkrollman7t@people.com.cn,879-657-1510,8183 Mosinee Trail
283,Delphinia,Torn,dtorn7u@slideshare.net,466-206-9743,9 Sheridan Court
284,Florry,Ivashnyov,fivashnyov7v@opensource.org,143-295-1926,7314 Boyd Court
285,Patrica,Donaghie,pdonaghie7w@networksolutions.com,345-873-8701,5 Eagan Way
286,Kat,Deetch,kdeetch7x@altervista.org,998-791-5992,69876 Valley Edge Point
287,Ramon,Roughan,rroughan7y@xinhuanet.com,415-605-5607,8396 Straubel Pass
288,Dougy,Morpeth,dmorpeth7z@thetimes.co.uk,229-564-9951,9435 Forest Dale Parkway
289,Dud,Sudddard,dsudddard80@nps.gov,184-634-7622,0499 School Way
290,Blinnie,Slisby,bslisby81@storify.com,503-400-5567,035 Buhler Point
291,Cindi,Dolan,cdolan82@ed.gov,986-577-2779,29210 Bowman Terrace
292,Holly,Donahue,hdonahue83@skype.com,784-102-2426,241 Dixon Place
293,Fredra,Vergine,fvergine84@wufoo.com,437-129-6352,8385 Quincy Street
294,Carlee,Lightowlers,clightowlers85@geocities.jp,988-460-8987,2 Erie Terrace
295,Thedric,Crippill,tcrippill86@amazon.co.jp,489-245-0873,37 Garrison Center
296,Zea,Wegener,zwegener87@google.co.uk,768-276-7106,70954 Carberry Road
297,Nicolas,Bichener,nbichener88@paypal.com,317-804-5186,9 8th Parkway
298,Raymund,Frosdick,rfrosdick89@flavors.me,190-395-3843,442 Lakeland Court
299,Kristo,Sieghard,ksieghard8a@wordpress.org,472-400-7626,51 Meadow Ridge Pass
300,Friedrich,Tomczykiewicz,ftomczykiewicz8b@howstuffworks.com,979-746-2013,57068 Armistice Pass
301,Wash,Grave,wgrave8c@shinystat.com,896-992-5101,78263 Lillian Parkway
302,Ezequiel,McGuggy,emcguggy8d@va.gov,672-844-5381,3 Sachtjen Parkway
303,Anson,Stealfox,astealfox8e@hao123.com,867-905-5387,132 Sloan Place
304,Skippy,Bayfield,sbayfield8f@geocities.jp,747-515-8172,0 Upham Center
305,Borden,Arrighini,barrighini8g@china.com.cn,799-566-5011,6 Rowland Hill
306,Gerry,Eathorne,geathorne8h@berkeley.edu,270-262-2418,23175 Daystar Drive
307,Paulo,Trodd,ptrodd8i@pen.io,202-446-1865,94 Old Gate Park
308,Noll,Batalini,nbatalini8j@nationalgeographic.com,805-675-6852,0 Graedel Terrace
309,Arlette,Beane,abeane8k@buzzfeed.com,982-345-0520,990 Stephen Avenue
310,Mame,Cator,mcator8l@nydailynews.com,139-972-6060,37503 Stone Corner Alley
311,Caprice,Myhan,cmyhan8m@ameblo.jp,755-379-2806,942 Daystar Alley
312,Netti,Wrigley,nwrigley8n@jiathis.com,932-117-4438,3 Magdeline Point
313,Hanny,Croster,hcroster8o@berkeley.edu,376-930-1726,5 American Ash Court
314,Electra,Kobsch,ekobsch8p@alexa.com,403-825-6908,4895 Golf Street
315,Luz,Besset,lbesset8q@nasa.gov,974-375-2657,46 Monica Trail
316,Britta,Waterworth,bwaterworth8r@ask.com,402-340-1283,27 Manley Road
317,Cate,Manifield,cmanifield8s@apple.com,513-365-9878,14 Algoma Drive
318,Felix,Barden,fbarden8t@comsenz.com,922-979-7351,7542 Warner Point
319,Margalit,Birtwistle,mbirtwistle8u@intel.com,951-611-0935,04417 Sugar Alley
320,Robin,Laugier,rlaugier8v@bloomberg.com,967-805-3297,40 Hayes Circle
321,Grier,Keeping,gkeeping8w@npr.org,541-682-9433,9 Eliot Lane
322,Marnia,Shortall,mshortall8x@slideshare.net,268-359-4051,826 Dwight Point
323,Nadya,Speek,nspeek8y@earthlink.net,376-369-3973,62827 Parkside Terrace
324,Darla,Clampe,dclampe8z@columbia.edu,935-934-7644,01267 Prairieview Court
325,Myca,Woolstenholmes,mwoolstenholmes90@ocn.ne.jp,519-700-5623,175 Talmadge Junction
326,Jeannette,Clohessy,jclohessy91@ft.com,752-957-7862,19208 Valley Edge Terrace
327,Floria,Reeds,freeds92@google.com.hk,665-532-5339,101 Katie Alley
328,Ilario,Hargrave,ihargrave93@cdc.gov,802-102-5725,41 Holy Cross Road
329,Eustacia,Zold,ezold94@multiply.com,145-385-0089,7730 Walton Way
330,Kristian,Bradnam,kbradnam95@plala.or.jp,986-927-7194,60 West Avenue
331,Prudy,Fellos,pfellos96@yolasite.com,987-874-0035,7 Everett Terrace
332,Goldia,Grundy,ggrundy97@ed.gov,577-886-0442,8 Brickson Park Point
333,Daniella,Pughsley,dpughsley98@phoca.cz,465-553-9118,817 Farwell Crossing
334,Shadow,Arber,sarber99@independent.co.uk,310-322-1239,33 Riverside Street
335,Kamilah,Biskupiak,kbiskupiak9a@networksolutions.com,886-563-6369,5 Ohio Trail
336,Nancy,Gower,ngower9b@dagondesign.com,907-228-8201,1 Columbus Park
337,Germain,Yanele,gyanele9c@ibm.com,421-234-7808,6 Straubel Terrace
338,Lyssa,Corker,lcorker9d@dagondesign.com,688-817-6344,91 Moland Lane
339,Dorthy,Caldera,dcaldera9e@netvibes.com,358-868-6739,18 Sundown Place
340,Marillin,Elven,melven9f@yandex.ru,777-716-8021,48 Buell Court
341,Valerye,Sawkins,vsawkins9g@clickbank.net,180-657-5351,8 Hoffman Trail
342,Wallace,Meletti,wmeletti9h@blogspot.com,229-772-2825,0426 Meadow Valley Lane
343,Denys,Bunn,dbunn9i@parallels.com,381-991-2286,05994 Green Ridge Park
344,Hersh,Blase,hblase9j@sina.com.cn,981-773-1942,36 Anniversary Lane
345,Karoly,Glancey,kglancey9k@craigslist.org,408-836-3406,9 Muir Parkway
346,Roscoe,Veracruysse,rveracruysse9l@miitbeian.gov.cn,721-396-5582,5 Sullivan Trail
347,Cherilyn,Cavaney,ccavaney9m@fema.gov,592-807-5847,6176 2nd Point
348,Aila,Wiffield,awiffield9n@forbes.com,457-818-7773,8 Loomis Drive
349,Errol,Stivani,estivani9o@upenn.edu,475-176-6626,67 Fieldstone Point
350,Enos,Wride,ewride9p@si.edu,775-291-6093,4 Starling Street
351,Lexie,Blayd,lblayd9q@buzzfeed.com,106-987-8818,0 Veith Alley
352,Kalvin,Mockes,kmockes9r@123-reg.co.uk,826-424-1967,5933 Debs Court
353,Caril,Toner,ctoner9s@sun.com,547-164-6769,3081 Messerschmidt Lane
354,Aluin,Westraw,awestraw9t@ebay.co.uk,459-239-4294,481 Ludington Terrace
355,Brigida,Ruzicka,bruzicka9u@exblog.jp,381-564-3286,57566 Sauthoff Point
356,Pieter,Piner,ppiner9v@delicious.com,438-977-5940,8851 Pine View Way
357,Marmaduke,Leechman,mleechman9w@addtoany.com,616-948-6938,2 Marquette Drive
358,Cacilie,Sherr,csherr9x@theguardian.com,818-197-1794,03 Pierstorff Drive
359,Erick,Bolsteridge,ebolsteridge9y@godaddy.com,896-598-4173,346 Superior Alley
360,Dolley,Gowanlock,dgowanlock9z@yellowbook.com,268-750-1109,89 5th Junction
361,Wallis,MacDonagh,wmacdonagha0@xrea.com,999-364-3212,53793 Harbort Way
362,Warren,Donati,wdonatia1@amazonaws.com,191-205-9143,2 Moose Street
363,Sheppard,Zecchinelli,szecchinellia2@biblegateway.com,310-546-4857,06 Donald Point
364,Sharla,Hardington,shardingtona3@cyberchimps.com,575-493-6717,9 Schiller Drive
365,April,Sedgwick,asedgwicka4@t.co,389-978-2263,2722 Wayridge Way
366,Lucy,Duiged,lduigeda5@sitemeter.com,767-220-2897,9810 Lakewood Avenue
367,Jennine,Eaglesham,jeagleshama6@theguardian.com,240-200-7160,78587 Oak Court
368,Andreas,Metzel,ametzela7@wufoo.com,665-200-8372,910 Moland Pass
369,Lenora,Popple,lpopplea8@usda.gov,148-371-1871,162 Golden Leaf Road
370,Christalle,Bufton,cbuftona9@github.io,207-485-5162,83 Truax Point
371,Duane,Juzek,djuzekaa@discovery.com,941-823-6227,0855 Dovetail Parkway
372,Pauli,Pranger,pprangerab@sakura.ne.jp,656-686-2634,61973 Magdeline Parkway
373,Chlo,Dillon,cdillonac@hatena.ne.jp,333-209-2247,56 Donald Crossing
374,Gisella,Treweek,gtreweekad@nsw.gov.au,989-479-5698,338 Springview Junction
375,Lenora,MacDavitt,lmacdavittae@list-manage.com,317-616-2271,40675 Algoma Drive
376,Ianthe,Burhill,iburhillaf@wikimedia.org,395-302-4505,40 Lindbergh Parkway
377,Cazzie,Donalson,cdonalsonag@ezinearticles.com,754-494-2459,507 Hermina Hill
378,Shina,Sergeant,ssergeantah@163.com,250-990-9467,2 Forest Run Parkway
379,Fleming,Stronack,fstronackai@nationalgeographic.com,398-816-9960,06660 Kensington Trail
380,Grete,Horley,ghorleyaj@shinystat.com,121-681-0186,3505 Pennsylvania Terrace
381,Latrina,Dawley,ldawleyak@rambler.ru,461-958-5078,6 Barnett Place
382,Helen-elizabeth,Archibold,harchiboldal@mtv.com,640-649-8778,3 Artisan Street
383,Sly,Eykelhof,seykelhofam@joomla.org,794-523-2593,94578 Charing Cross Drive
384,Arvy,Lax,alaxan@list-manage.com,155-945-7287,6581 Kennedy Junction
385,Kathleen,Wooldridge,kwooldridgeao@cbslocal.com,662-760-0782,758 Havey Drive
386,Des,Giacobini,dgiacobiniap@printfriendly.com,364-782-5281,1 Oak Circle
387,Gabriellia,Adriani,gadrianiaq@cargocollective.com,968-181-0294,65 Valley Edge Junction
388,Sinclare,Dicks,sdicksar@last.fm,728-584-5289,501 Stephen Point
389,Glennie,Pimblott,gpimblottas@moonfruit.com,435-384-3207,5598 Toban Park
390,Raphaela,Buckthought,rbuckthoughtat@nytimes.com,861-431-1746,14 Fulton Road
391,Thatch,Bockler,tbocklerau@pen.io,455-404-1291,7398 Talmadge Trail
392,Clarita,Portinari,cportinariav@technorati.com,865-969-4547,6459 Orin Place
393,Donalt,Loveard,dloveardaw@360.cn,971-161-2089,9 Mitchell Alley
394,Gabriel,Barwis,gbarwisax@ning.com,682-711-1729,72 Montana Center
395,Ramonda,Halladay,rhalladayay@imgur.com,810-703-5548,11 Arapahoe Plaza
396,Harriet,Barbey,hbarbeyaz@people.com.cn,171-652-0557,556 Armistice Street
397,Cobby,Slaymaker,cslaymakerb0@vk.com,851-686-2337,184 1st Street
398,Chrystal,Pollard,cpollardb1@mit.edu,174-293-7075,18 Darwin Center
399,Kimberlee,Stanes,kstanesb2@squidoo.com,280-935-1350,77732 Debs Drive
400,Waiter,Huck,whuckb3@odnoklassniki.ru,417-618-9757,6 Eliot Way
401,Evangelia,Weldon,eweldonb4@yellowpages.com,113-848-9104,9132 Straubel Trail
402,Margaret,Gotter,mgotterb5@gnu.org,431-989-3104,59551 Petterle Center
403,Shamus,Dewi,sdewib6@ifeng.com,531-656-3719,4702 Center Trail
404,Julia,Van der Merwe,jvandermerweb7@so-net.ne.jp,480-400-8683,5 Forest Dale Way
405,Currey,Resun,cresunb8@army.mil,626-958-2315,836 Manufacturers Center
406,Corinne,Farnsworth,cfarnsworthb9@squidoo.com,940-776-4688,29 Golf Terrace
407,Nike,Troy,ntroyba@t.co,205-150-0981,5881 Armistice Center
408,Jeanelle,Aucutt,jaucuttbb@cpanel.net,408-502-9123,6 Norway Maple Way
409,Alfred,Leggan,alegganbc@1688.com,454-917-7040,10 Hayes Court
410,Elvis,Della,edellabd@blogs.com,311-553-7109,67281 Sommers Crossing
411,Aubrey,Lyall,alyallbe@uiuc.edu,904-865-0068,84111 Mitchell Crossing
412,Tierney,Kryska,tkryskabf@sourceforge.net,503-463-4021,63040 Brentwood Avenue
413,Theressa,Sudworth,tsudworthbg@hibu.com,237-549-1929,9042 Thierer Place
414,Vida,Dales,vdalesbh@printfriendly.com,732-890-0070,18 Sauthoff Pass
415,Aile,Fallon,afallonbi@marketwatch.com,565-964-0849,834 Lawn Crossing
416,Jonis,Teek,jteekbj@infoseek.co.jp,638-130-5674,992 Homewood Crossing
417,Rutter,Musgrave,rmusgravebk@bbc.co.uk,987-936-4882,38755 Graedel Road
418,Josee,Kerby,jkerbybl@apache.org,788-614-9681,68278 Holy Cross Drive
419,Devonne,Hallede,dhalledebm@google.co.uk,767-146-9726,17049 Crescent Oaks Park
420,Madelina,Truitt,mtruittbn@odnoklassniki.ru,375-768-7034,1 Di Loreto Alley
421,Griz,Minghetti,gminghettibo@clickbank.net,358-504-7217,99462 2nd Way
422,Adora,Kuhne,akuhnebp@umich.edu,504-280-4967,69 Garrison Alley
423,Elvera,Camock,ecamockbq@hugedomains.com,490-465-6278,555 Thierer Center
424,Rudy,Greet,rgreetbr@netscape.com,746-912-0552,6417 Debs Junction
425,Hayden,Elsley,helsleybs@hubpages.com,624-788-2424,799 Gina Crossing
426,Gypsy,Mossom,gmossombt@biblegateway.com,812-318-8281,41 Swallow Parkway
427,Suzanne,McCready,smccreadybu@altervista.org,791-732-1915,0463 Oneill Hill
428,Bobbie,Yetton,byettonbv@simplemachines.org,799-383-4039,00143 Bunting Hill
429,Shaine,Chaffyn,schaffynbw@oaic.gov.au,471-741-4236,271 Di Loreto Center
430,Cord,Danit,cdanitbx@deviantart.com,308-786-7769,82977 Fisk Terrace
431,Joby,Bertram,jbertramby@wunderground.com,251-667-4270,31261 Melrose Point
432,Horten,Rankcom,hrankcombz@tripod.com,109-764-3908,50627 Mosinee Center
433,Colleen,Lavis,clavisc0@bluehost.com,589-463-0723,63 Linden Trail
434,Rita,Vipan,rvipanc1@discovery.com,942-938-6015,27488 Porter Avenue
435,Ellwood,Vinden,evindenc2@salon.com,670-787-4066,9 Hoffman Place
436,Beverley,Orneles,bornelesc3@ustream.tv,579-931-4772,6 Shoshone Point
437,Andras,Roch,arochc4@bbc.co.uk,387-231-0907,7 Evergreen Park
438,Rufe,Cromarty,rcromartyc5@cbslocal.com,546-265-2204,75914 Drewry Center
439,Una,Longson,ulongsonc6@slideshare.net,678-509-5307,1962 Longview Circle
440,Millicent,Vasishchev,mvasishchevc7@cmu.edu,195-942-5438,7897 Del Sol Point
441,Alfi,Semmence,asemmencec8@buzzfeed.com,480-536-2863,9 Quincy Center
442,Misti,Tofanelli,mtofanellic9@rambler.ru,996-232-4033,6 Lakeland Alley
443,Koressa,Jouhandeau,kjouhandeauca@barnesandnoble.com,725-531-5867,6 Northfield Parkway
444,Jabez,Wodham,jwodhamcb@economist.com,182-593-9632,82638 Duke Road
445,Deeann,Luis,dluiscc@bluehost.com,271-826-6130,66379 Dottie Hill
446,Gwenette,Huggard,ghuggardcd@vkontakte.ru,136-619-8792,988 Oak Park
447,Wilmer,Espinheira,wespinheirace@nsw.gov.au,888-710-1944,36124 North Drive
448,Daphna,Orgill,dorgillcf@about.me,159-876-0336,41217 Starling Crossing
449,Bethina,Posselow,bposselowcg@homestead.com,985-930-9046,491 Kensington Road
450,Kori,Maywood,kmaywoodch@stanford.edu,205-511-7832,2 Sullivan Place
451,Mal,Dudley,mdudleyci@paginegialle.it,685-970-1947,13101 Clarendon Center
452,Lina,Samweyes,lsamweyescj@amazon.de,888-611-1210,4 Amoth Park
453,Christalle,Milhench,cmilhenchck@behance.net,640-488-1273,07 Chinook Junction
454,Cilka,Persehouse,cpersehousecl@qq.com,363-184-8763,37 Havey Lane
455,Anjanette,Hazeup,ahazeupcm@yelp.com,169-454-0176,3055 Shelley Way
456,Dominique,Klus,dkluscn@ustream.tv,932-221-9621,45103 Luster Point
457,Benedikta,Turbern,bturbernco@kickstarter.com,112-727-7663,8765 Coolidge Pass
458,Cher,Bristo,cbristocp@elegantthemes.com,224-118-0485,1987 Clove Trail
459,Ernie,Tomaschke,etomaschkecq@samsung.com,312-417-3963,70770 Carberry Alley
460,Gib,Poyser,gpoysercr@lulu.com,751-643-9303,1 Transport Avenue
461,Tabina,Tocher,ttochercs@engadget.com,185-524-2722,642 Delladonna Plaza
462,Griffith,Soles,gsolesct@simplemachines.org,425-290-0269,55 Daystar Trail
463,Deedee,Donohoe,ddonohoecu@flavors.me,740-107-0873,513 Oxford Plaza
464,Tiphani,Kann,tkanncv@privacy.gov.au,447-126-1509,96275 8th Place
465,Ginnifer,Zini,gzinicw@apple.com,519-362-8392,531 Montana Lane
466,Gillie,Davenall,gdavenallcx@abc.net.au,714-392-6221,37 Carpenter Way
467,Katleen,Kullmann,kkullmanncy@wiley.com,326-787-2853,81275 Nelson Hill
468,Stephan,MacVanamy,smacvanamycz@nhs.uk,576-362-7714,0 Hauk Terrace
469,Colan,Blakes,cblakesd0@sphinn.com,172-746-8863,79261 American Junction
470,Wolfy,Elsegood,welsegoodd1@yale.edu,121-675-2952,2519 Trailsway Terrace
471,Janean,Candelin,jcandelind2@smh.com.au,539-545-3952,537 Stone Corner Terrace
472,Luis,Sheach,lsheachd3@tiny.cc,339-257-5031,64705 Kinsman Crossing
473,Fowler,Jery,fjeryd4@deliciousdays.com,741-861-3503,1281 4th Drive
474,Aaren,Piscot,apiscotd5@artisteer.com,485-369-9488,1274 Londonderry Lane
475,Denny,Billows,dbillowsd6@posterous.com,324-717-9832,5772 Arapahoe Center
476,Thedrick,Henrys,thenrysd7@springer.com,980-488-8122,12 Thackeray Terrace
477,Valeria,Oldroyd,voldroydd8@fastcompany.com,971-436-4278,5465 Rockefeller Plaza
478,Leroi,Goseling,lgoselingd9@over-blog.com,800-808-3773,87 Fair Oaks Alley
479,Jud,Czaja,jczajada@phpbb.com,636-961-4183,46919 Sutteridge Avenue
480,Vi,Dignon,vdignondb@gizmodo.com,387-712-0209,4 Union Drive
481,Arlin,McGowan,amcgowandc@mediafire.com,131-932-9106,81699 High Crossing Circle
482,Maureene,Zorener,mzorenerdd@4shared.com,708-934-8901,318 Butternut Street
483,Arlen,Stille,astillede@psu.edu,408-120-5463,6 Hauk Road
484,Jonis,Huyche,jhuychedf@mail.ru,227-800-9078,971 Farragut Avenue
485,Christi,Fewtrell,cfewtrelldg@people.com.cn,840-771-5199,5 Buell Alley
486,Putnem,Streets,pstreetsdh@deliciousdays.com,715-772-2384,165 Shopko Parkway
487,Zacharias,Codron,zcodrondi@google.pl,671-590-9201,0203 Johnson Way
488,Noni,Bredbury,nbredburydj@posterous.com,218-226-3074,18528 Gina Road
489,Ardella,Ivers,aiversdk@sitemeter.com,391-137-1400,29 Hoepker Center
490,Goldina,Allabush,gallabushdl@g.co,857-966-6779,25 Porter Lane
491,Ardelia,Scarr,ascarrdm@delicious.com,102-164-0365,72 Anderson Pass
492,Ellen,Kleinsmuntz,ekleinsmuntzdn@narod.ru,905-549-3915,25351 Kinsman Terrace
493,Gay,Wankel,gwankeldo@nyu.edu,684-104-1150,522 Mayfield Avenue
494,Thatch,Alessandretti,talessandrettidp@addtoany.com,406-226-8001,064 Straubel Alley
495,Rey,Cardello,rcardellodq@edublogs.org,961-311-4040,69309 Maple Wood Street
496,Murry,Fenge,mfengedr@wufoo.com,336-731-6629,890 Donald Place
497,Heinrick,Inker,hinkerds@nba.com,267-580-9503,6 Tomscot Place
498,Lebbie,Rove,lrovedt@ft.com,627-260-4130,826 Lillian Center
499,Barnie,Grinyov,bgrinyovdu@live.com,405-681-3629,163 Moose Center
500,Kale,Oscroft,koscroftdv@list-manage.com,150-154-6053,3 Carpenter Lane
501,Mair,Eliyahu,meliyahudw@google.ru,329-824-1717,30951 Mayfield Avenue
502,Ted,Kreuzer,tkreuzerdx@walmart.com,886-435-1805,2632 Forest Run Place
503,Fancie,Petrasso,fpetrassody@myspace.com,291-743-3800,70915 Shasta Point
504,Judon,Olenchenko,jolenchenkodz@va.gov,505-745-9527,9 Maple Court
505,Mayor,Mateus,mmateuse0@gov.uk,214-581-8496,562 Warner Road
506,Leanor,Simonetti,lsimonettie1@themeforest.net,996-434-5566,3463 Huxley Street
507,Deni,Gonsalo,dgonsaloe2@miibeian.gov.cn,211-448-3806,3930 Scoville Avenue
508,Norah,Remmers,nremmerse3@amazonaws.com,474-594-8718,84845 Longview Crossing
509,Aldin,Parsonson,aparsonsone4@last.fm,174-318-1665,3 Bayside Center
510,Charla,Khoter,ckhotere5@wsj.com,754-830-5256,25 Dunning Way
511,Jerrie,Seath,jseathe6@patch.com,335-608-3305,5 Everett Circle
512,Henrik,Kondratyuk,hkondratyuke7@theguardian.com,811-635-6743,87428 Melby Place
513,Paulie,Boskell,pboskelle8@loc.gov,549-154-1852,49405 Holmberg Point
514,Janette,Tombs,jtombse9@360.cn,748-462-4267,8760 Warrior Pass
515,Kellen,Fryman,kfrymanea@upenn.edu,732-120-1792,5 Eliot Park
516,Leontyne,Reuter,lreutereb@squidoo.com,941-702-4350,27 Weeping Birch Circle
517,Audrye,Dutch,adutchec@wired.com,766-739-5918,3 7th Pass
518,Paulina,Stowe,pstoweed@yelp.com,563-319-3571,86592 Harper Street
519,Elisa,Benbow,ebenbowee@wufoo.com,268-899-7520,6734 Westend Drive
520,Letizia,Kitcatt,lkitcattef@symantec.com,317-525-6480,5 Welch Junction
521,Lainey,Rogan,lroganeg@dedecms.com,912-439-7433,95 Village Parkway
522,Sherrie,Brinicombe,sbrinicombeeh@uiuc.edu,863-727-7064,438 Kinsman Crossing
523,Orsa,Watton,owattonei@surveymonkey.com,711-815-4742,6 Eggendart Hill
524,Gerrilee,Eggins,gegginsej@cpanel.net,310-852-5241,5 Talisman Parkway
525,Neysa,Wyne,nwyneek@comcast.net,119-604-6365,3 Crest Line Lane
526,Nyssa,Snadden,nsnaddenel@eepurl.com,719-558-7298,363 Moulton Court
527,Aubry,Kinkead,akinkeadem@jiathis.com,794-876-8818,3 Ronald Regan Court
528,Charleen,Mc Andrew,cmcandrewen@senate.gov,789-592-5117,157 Northland Hill
529,Cortney,Kinman,ckinmaneo@cyberchimps.com,434-536-1262,1 Eastlawn Hill
530,Lory,Redferne,lredferneep@shinystat.com,812-651-0705,8516 Derek Pass
531,Tamara,Fraczkiewicz,tfraczkiewiczeq@sogou.com,740-198-6459,0 Homewood Trail
532,Decca,Rushman,drushmaner@geocities.jp,922-284-5790,33341 Jackson Circle
533,Pavla,Marritt,pmarrittes@sciencedirect.com,449-784-6985,6783 Dahle Terrace
534,Lorilee,Sabbatier,lsabbatieret@usnews.com,488-763-2706,55 Algoma Hill
535,Lynne,Fowden,lfowdeneu@nih.gov,993-496-3713,3 Bay Point
536,Maximilien,Childs,mchildsev@ft.com,245-559-6094,315 Truax Plaza
537,Reggie,Berkley,rberkleyew@dyndns.org,148-582-6888,231 Gina Circle
538,Lizzie,Fancy,lfancyex@fda.gov,173-492-9222,313 Granby Avenue
539,Elspeth,Briston,ebristoney@gov.uk,278-907-9100,749 Continental Pass
540,Shellie,Gair,sgairez@freewebs.com,826-852-7466,266 Veith Plaza
541,Leonard,Housecraft,lhousecraftf0@mozilla.org,676-195-2371,68 Sheridan Place
542,Frances,Tumbelty,ftumbeltyf1@ameblo.jp,295-362-4845,13 Crest Line Park
543,Karissa,Putman,kputmanf2@e-recht24.de,519-378-0984,02738 Hagan Way
544,Elsbeth,Dunston,edunstonf3@technorati.com,787-999-8175,61976 American Center
545,Faith,Thurling,fthurlingf4@sourceforge.net,557-852-1876,7 Transport Place
546,Willem,Schuh,wschuhf5@rambler.ru,810-659-3310,71 Di Loreto Crossing
547,Merry,Piechnik,mpiechnikf6@eventbrite.com,638-318-0775,9801 Rowland Place
548,Orel,Tales,otalesf7@yellowpages.com,390-951-6010,95758 Sachtjen Hill
549,Sonia,Gotobed,sgotobedf8@japanpost.jp,877-544-5482,7 Dahle Street
550,Janella,Weatherall,jweatherallf9@un.org,961-611-5900,49 Bultman Parkway
551,Ilysa,Childrens,ichildrensfa@typepad.com,876-238-5678,42 8th Place
552,Poppy,Forber,pforberfb@gov.uk,432-444-9643,393 Shoshone Terrace
553,Dannel,Keston,dkestonfc@who.int,736-566-4868,01 Dakota Point
554,Tanya,Oxx,toxxfd@typepad.com,493-854-9612,2125 Trailsway Hill
555,Beckie,Minero,bminerofe@jugem.jp,382-884-7246,79 Hoffman Road
556,Duff,Stickley,dstickleyff@blogger.com,531-484-6134,0 Bowman Point
557,Hortensia,Loughman,hloughmanfg@bizjournals.com,136-633-3817,821 Carberry Circle
558,Ransom,Grayshan,rgrayshanfh@w3.org,464-176-8318,3 Miller Park
559,Saw,Casely,scaselyfi@g.co,846-100-5509,0 Mayfield Crossing
560,Danyette,Duchart,dduchartfj@chronoengine.com,854-102-5593,3640 Kim Circle
561,Ardis,Calender,acalenderfk@hexun.com,120-441-0984,1 Heath Circle
562,Minnie,Cornthwaite,mcornthwaitefl@accuweather.com,176-203-2112,05 Fallview Parkway
563,Dari,Dallender,ddallenderfm@hexun.com,582-263-1289,0 Tennessee Crossing
564,Jedediah,Middis,jmiddisfn@uiuc.edu,342-794-3587,5381 Sachtjen Drive
565,Lucy,McDonell,lmcdonellfo@va.gov,511-840-5981,057 Nevada Park
566,Crawford,Andryszczak,candryszczakfp@cyberchimps.com,185-497-8433,96004 Twin Pines Crossing
567,Timothea,Hartzenberg,thartzenbergfq@imdb.com,171-793-9705,66089 Arizona Street
568,Jean,Billion,jbillionfr@mlb.com,501-302-3451,36162 Emmet Terrace
569,Serena,Jotham,sjothamfs@narod.ru,984-883-5807,0116 Prentice Alley
570,Madelaine,Jobbings,mjobbingsft@liveinternet.ru,490-892-2283,8 Summit Parkway
571,Nessa,Harget,nhargetfu@imdb.com,398-862-5259,63118 Emmet Alley
572,Sonja,Carling,scarlingfv@sakura.ne.jp,422-364-6228,3 Everett Street
573,Keslie,Vennings,kvenningsfw@goo.ne.jp,549-808-1794,6151 Shopko Alley
574,Sayre,Seakin,sseakinfx@nature.com,877-995-9518,6986 Dunning Circle
575,Auroora,Kleisel,akleiselfy@ibm.com,491-126-0442,31148 Blaine Crossing
576,Corinna,Markus,cmarkusfz@biglobe.ne.jp,229-475-2354,1 Mesta Road
577,Seamus,Bearcroft,sbearcroftg0@mysql.com,611-720-5514,71961 Basil Crossing
578,Jeffy,Bramhill,jbramhillg1@spiegel.de,390-186-8972,7353 Bunker Hill Road
579,Tyne,Scotson,tscotsong2@nationalgeographic.com,764-112-6151,4103 Norway Maple Crossing
580,Jud,Gregson,jgregsong3@adobe.com,257-973-8818,3327 Bartelt Hill
581,Moore,Inchboard,minchboardg4@squidoo.com,389-190-7883,127 Loftsgordon Parkway
582,Craggie,Baruch,cbaruchg5@un.org,887-137-2592,280 Mayfield Street
583,Teena,Senior,tseniorg6@1und1.de,275-559-7029,94 Dayton Terrace
584,Isis,Scrancher,iscrancherg7@pcworld.com,230-789-2822,8 Anzinger Pass
585,Maison,Canada,mcanadag8@mashable.com,949-245-0274,58 Toban Crossing
586,Franklin,Chainey,fchaineyg9@marketwatch.com,464-454-5928,71840 Grayhawk Lane
587,Gloria,Ruhben,gruhbenga@vimeo.com,243-709-3265,091 Carioca Terrace
588,Tammy,Marner,tmarnergb@mozilla.org,308-465-1127,3695 Ridgeview Trail
589,Saundra,Horick,shorickgc@live.com,110-740-2686,3 Briar Crest Circle
590,Benedicto,Kiledal,bkiledalgd@jigsy.com,971-235-2770,4 Forster Pass
591,Laurie,Holton,lholtonge@csmonitor.com,332-818-3045,54 Waubesa Plaza
592,Kristi,Pawels,kpawelsgf@amazon.co.jp,678-547-6576,44148 Manley Crossing
593,Hollis,Stonhewer,hstonhewergg@cdbaby.com,797-416-0230,3549 Lien Drive
594,Buffy,Ecob,becobgh@netvibes.com,542-734-6280,822 Scoville Court
595,Ina,Rubega,irubegagi@omniture.com,474-245-3072,56858 Killdeer Pass
596,Ange,Edgerton,aedgertongj@hubpages.com,606-128-9705,96858 Hanson Court
597,Mose,Apfel,mapfelgk@redcross.org,356-561-2988,2 Havey Crossing
598,Nelli,Szymanzyk,nszymanzykgl@imageshack.us,732-843-3606,569 Columbus Hill
599,Sayer,Benbow,sbenbowgm@slideshare.net,705-980-4500,2 Thackeray Circle
600,Riane,Feckey,rfeckeygn@g.co,870-700-1740,7055 Mallory Crossing
601,Inessa,Leuty,ileutygo@mayoclinic.com,432-848-6704,649 Monument Hill
602,Letta,Guillet,lguilletgp@ibm.com,134-764-6099,610 Eastwood Terrace
603,Rolf,Dendon,rdendongq@reddit.com,177-449-4783,1 Lunder Avenue
604,Johnathon,MacKain,jmackaingr@ca.gov,848-132-4084,1 5th Street
605,Aldo,Heathcoat,aheathcoatgs@booking.com,248-647-2884,2804 Graedel Lane
606,Efren,Coatts,ecoattsgt@youtu.be,340-821-7170,1 Hoffman Center
607,Fran,Fosbraey,ffosbraeygu@instagram.com,472-827-7109,348 Banding Trail
608,Adelheid,Rojel,arojelgv@instagram.com,613-541-9215,3 Vahlen Drive
609,Janna,Aviss,javissgw@xing.com,277-508-2820,9075 Gerald Lane
610,Gerrie,Rizzelli,grizzelligx@e-recht24.de,587-375-9140,15996 Debs Point
611,Kelcey,Wrigley,kwrigleygy@theglobeandmail.com,721-687-3616,9 Holmberg Road
612,Lolly,Crittal,lcrittalgz@cisco.com,355-317-7998,702 Packers Pass
613,Markus,Dekeyser,mdekeyserh0@de.vu,587-359-9570,954 Eagan Place
614,Consolata,Sommerland,csommerlandh1@networksolutions.com,543-698-3844,2 Fairview Trail
615,Chelsae,Ivatts,civattsh2@geocities.com,862-898-7683,41602 Dunning Park
616,Phip,Brozek,pbrozekh3@moonfruit.com,926-110-1173,46724 Mifflin Avenue
617,Alameda,Fullstone,afullstoneh4@typepad.com,121-565-3313,74 Eliot Avenue
618,Sauncho,Harborow,sharborowh5@instagram.com,210-453-2324,416 Ludington Junction
619,Reider,Gencke,rgenckeh6@cdc.gov,388-777-5134,1 Harper Terrace
620,Chaddy,Kinch,ckinchh7@engadget.com,974-616-4483,01908 Eastwood Road
621,Jena,Scarlan,jscarlanh8@xing.com,875-202-8219,957 Dovetail Parkway
622,Casper,Andrick,candrickh9@army.mil,118-140-9833,3837 6th Junction
623,Aline,Di Biaggi,adibiaggiha@mac.com,102-378-4887,94 Hintze Street
624,Drew,Colleck,dcolleckhb@sakura.ne.jp,476-469-8837,0615 Drewry Alley
625,Jake,Caslett,jcasletthc@photobucket.com,257-126-6395,68282 Lillian Place
626,Gregor,Collingwood,gcollingwoodhd@facebook.com,717-675-6443,5375 Evergreen Road
627,Hunt,Enever,heneverhe@independent.co.uk,737-656-3464,9 Daystar Court
628,Adolph,O'Lenane,aolenanehf@springer.com,653-175-1310,53184 Sunbrook Crossing
629,Kristoforo,Champness,kchampnesshg@weibo.com,682-764-6936,6 Dunning Place
630,Dasi,Duetsche,dduetschehh@google.pl,582-979-0286,05952 Lillian Terrace
631,Zachery,Priest,zpriesthi@earthlink.net,280-392-8255,47734 Northland Way
632,Genovera,Kimm,gkimmhj@about.com,990-491-3149,74831 Talisman Hill
633,Eloisa,Carbett,ecarbetthk@histats.com,674-836-2290,05 Hovde Lane
634,Ingeborg,Cockren,icockrenhl@examiner.com,590-605-6735,64583 Arapahoe Drive
635,Jane,Phipp,jphipphm@buzzfeed.com,134-840-4939,3067 Northfield Park
636,Clarence,Zannuto,czannutohn@blogger.com,495-484-3104,781 Mesta Center
637,Harper,Le Prevost,hleprevostho@phpbb.com,133-471-5526,506 La Follette Terrace
638,Siffre,Errey,serreyhp@princeton.edu,325-538-7918,3 Sachs Park
639,Emilio,Cotty,ecottyhq@about.me,628-120-8600,19635 Muir Center
640,Shaylyn,Bailie,sbailiehr@walmart.com,861-494-7031,9 Judy Plaza
641,Dick,Garbar,dgarbarhs@youtube.com,140-861-1306,2655 Helena Court
642,Joana,Blenkensop,jblenkensopht@redcross.org,384-787-7199,89 North Trail
643,Kathleen,Coulthard,kcoulthardhu@webs.com,254-441-4998,1 Alpine Court
644,Dorolice,Caghan,dcaghanhv@amazon.co.uk,814-269-5025,22840 Myrtle Pass
645,Dolorita,Blueman,dbluemanhw@google.it,435-207-0485,52 Dapin Parkway
646,Barbara,Foster-Smith,bfostersmithhx@vkontakte.ru,996-303-4100,141 Dwight Circle
647,Amalita,Blackman,ablackmanhy@walmart.com,573-669-2576,63 South Center
648,Willetta,Lorden,wlordenhz@slate.com,340-574-4289,53710 Hoffman Plaza
649,Dynah,Fairlaw,dfairlawi0@phpbb.com,452-574-5854,9117 Texas Terrace
650,Suzann,Lethbridge,slethbridgei1@tamu.edu,900-271-1294,08876 Packers Trail
651,Tymothy,Elcom,telcomi2@gizmodo.com,386-312-8193,11732 Scofield Drive
652,Albina,Perfect,aperfecti3@naver.com,572-835-8945,406 Lawn Park
653,Burg,Bondy,bbondyi4@so-net.ne.jp,335-441-9446,6 Lunder Court
654,Michelina,Starbeck,mstarbecki5@weibo.com,328-521-3605,07840 Canary Center
655,Alford,Gumme,agummei6@chicagotribune.com,687-481-5352,5407 Northland Hill
656,Emanuel,Attwoul,eattwouli7@twitpic.com,803-897-1251,093 Brickson Park Place
657,Pyotr,Hinckes,phinckesi8@abc.net.au,849-294-7025,8 Cherokee Trail
658,Stormie,Fettes,sfettesi9@discuz.net,792-886-0008,065 Spenser Trail
659,Roana,Geare,rgeareia@smugmug.com,118-749-8553,1 Eastwood Point
660,Carny,Myott,cmyottib@acquirethisname.com,208-258-3946,63 Bay Place
661,Wiatt,Grimestone,wgrimestoneic@noaa.gov,710-312-7513,6 Chinook Point
662,Selestina,Gerin,sgerinid@spiegel.de,269-904-6735,71422 Hoepker Avenue
663,Auguste,Dauney,adauneyie@disqus.com,570-814-7619,13 Di Loreto Plaza
664,Nickolai,Knight,nknightif@acquirethisname.com,624-261-5019,888 Dahle Alley
665,Shandy,Gages,sgagesig@rakuten.co.jp,959-607-8462,93830 Judy Terrace
666,Derick,Chasemore,dchasemoreih@huffingtonpost.com,749-935-8630,2 Jenna Place
667,Dorella,Renfield,drenfieldii@lulu.com,214-304-4210,0 Esker Court
668,Tine,Grinikhin,tgrinikhinij@skype.com,414-401-5847,9102 Nova Crossing
669,Lynnette,Ioannidis,lioannidisik@ibm.com,691-318-4050,73 Scoville Parkway
670,Vinny,Cheesman,vcheesmanil@google.de,838-851-6299,04 Springview Terrace
671,Kelci,Mc-Kerley,kmckerleyim@oakley.com,221-637-5757,95 Grover Hill
672,Matthew,Grono,mgronoin@sciencedirect.com,537-226-0237,41 Clyde Gallagher Court
673,Scot,Rycraft,srycraftio@usa.gov,678-458-2027,8 Nobel Street
674,Lief,Cargen,lcargenip@issuu.com,279-464-6595,279 Transport Parkway
675,Arlan,Tempest,atempestiq@bbb.org,205-197-8009,9 Graceland Alley
676,Angil,Bisco,abiscoir@un.org,749-270-8669,64674 Golf Court
677,Perrine,Ritchman,pritchmanis@delicious.com,258-827-1000,18889 Ronald Regan Trail
678,Rosalind,Schruyers,rschruyersit@irs.gov,247-695-4497,79 Kim Terrace
679,Gibby,Kondratyuk,gkondratyukiu@uol.com.br,794-569-5634,98 New Castle Parkway
680,Franky,Meany,fmeanyiv@berkeley.edu,476-359-2280,51 Mallory Crossing
681,Roseann,Seary,rsearyiw@globo.com,277-469-7776,03258 Burrows Way
682,Linea,Maddigan,lmaddiganix@omniture.com,225-728-3877,31022 Walton Point
683,Vince,Peverell,vpeverelliy@technorati.com,380-360-8398,79237 Larry Road
684,Sol,Paule,spauleiz@mac.com,955-433-7215,16974 Annamark Place
685,Kathlin,Demageard,kdemageardj0@uol.com.br,954-648-2480,486 Becker Point
686,Jeffie,Genery,jgeneryj1@ifeng.com,471-424-9607,828 Sullivan Lane
687,Garrick,Djurkovic,gdjurkovicj2@mapquest.com,325-529-7181,6086 Red Cloud Place
688,Madge,Bello,mbelloj3@reddit.com,218-745-1830,3172 Kinsman Hill
689,Damara,Kasbye,dkasbyej4@hao123.com,208-895-9969,49 Rowland Plaza
690,Jorie,Morat,jmoratj5@networkadvertising.org,421-898-6194,8 Karstens Court
691,Cami,Langtry,clangtryj6@oracle.com,600-747-6108,8977 Bashford Park
692,Welch,Crowth,wcrowthj7@phpbb.com,613-302-6846,325 Darwin Street
693,Woodrow,Mayzes,wmayzesj8@icq.com,614-799-9813,75 Del Sol Pass
694,Bessie,Keyme,bkeymej9@tinypic.com,385-361-6909,5 Milwaukee Alley
695,Chrysler,Fanning,cfanningja@bing.com,717-375-6575,25885 Mendota Court
696,Dur,Lemmen,dlemmenjb@mail.ru,687-127-7741,9 8th Crossing
697,Borg,Simonsson,bsimonssonjc@mapy.cz,968-788-6549,8 Parkside Hill
698,Beatrice,Vaun,bvaunjd@com.com,990-344-7649,0 Pankratz Place
699,Ashton,Hyde,ahydeje@amazonaws.com,969-611-8717,943 Badeau Pass
700,Pearline,Wherton,pwhertonjf@sourceforge.net,930-129-8908,5510 Shoshone Hill
701,Koren,Andersson,kanderssonjg@tumblr.com,829-739-5000,894 Atwood Circle
702,Joelie,Lyes,jlyesjh@tmall.com,947-374-5282,80590 Dayton Alley
703,Sharron,Grindall,sgrindallji@t-online.de,668-259-3085,65793 Dixon Pass
704,Mikol,Thacke,mthackejj@adobe.com,325-953-6838,251 Thierer Parkway
705,Lazarus,Giocannoni,lgiocannonijk@devhub.com,407-541-9944,8 Rowland Place
706,Temple,Eagleston,teaglestonjl@xrea.com,252-373-8165,1187 Old Gate Road
707,Ravid,Gofford,rgoffordjm@utexas.edu,678-604-3522,2 Muir Pass
708,Vachel,McKeefry,vmckeefryjn@kickstarter.com,281-502-4282,1951 Nova Junction
709,Brook,Dunkerley,bdunkerleyjo@irs.gov,308-302-2676,14 Pearson Point
710,Valaria,Kern,vkernjp@sakura.ne.jp,342-370-4090,52697 Summit Alley
711,Veronica,Zarfati,vzarfatijq@goodreads.com,128-159-5327,2 Oriole Street
712,Jerrilyn,Kynston,jkynstonjr@newyorker.com,283-125-4552,41 Dixon Alley
713,Edythe,Romagosa,eromagosajs@umich.edu,117-935-2506,844 Service Road
714,Dorelle,Dullard,ddullardjt@cyberchimps.com,922-398-8381,636 4th Point
715,Seymour,Quakley,squakleyju@gravatar.com,410-336-5270,3 Chive Drive
716,Salvador,Riehm,sriehmjv@livejournal.com,803-499-5481,023 International Plaza
717,Leigh,Swanwick,lswanwickjw@comcast.net,939-648-5416,8050 Spaight Road
718,Alvy,Dutch,adutchjx@soundcloud.com,147-134-6139,4230 American Pass
719,Angelina,Bernath,abernathjy@narod.ru,316-755-9723,5 Kensington Terrace
720,Jerrie,Paliser,jpaliserjz@ca.gov,722-576-7656,86 International Street
721,Massimiliano,Steward,mstewardk0@buzzfeed.com,692-311-2337,619 Tennessee Road
722,Farly,Hullbrook,fhullbrookk1@amazonaws.com,681-554-4861,66433 Independence Pass
723,Law,Halliwell,lhalliwellk2@pinterest.com,955-582-2954,67 Bultman Center
724,Jessalin,Dovermann,jdovermannk3@privacy.gov.au,393-540-0609,21479 American Ash Street
725,Pieter,Meijer,pmeijerk4@census.gov,309-559-7631,2257 Thierer Hill
726,Griswold,Gaitone,ggaitonek5@apache.org,789-402-5128,60 Artisan Alley
727,Juditha,Hughland,jhughlandk6@nyu.edu,688-868-9719,97 Farwell Plaza
728,Rosita,Skellen,rskellenk7@shareasale.com,422-521-2497,7484 Pierstorff Avenue
729,Phillip,Poskitt,pposkittk8@webmd.com,793-976-8727,50 Utah Way
730,Bernita,Pauly,bpaulyk9@reference.com,654-913-7928,35 Little Fleur Alley
731,Seymour,Pinsent,spinsentka@ow.ly,694-620-9788,8126 Lunder Parkway
732,Jedd,Canape,jcanapekb@woothemes.com,198-289-9012,0126 Division Street
733,Janel,Yo,jyokc@ebay.com,856-793-5779,4 Sauthoff Court
734,Hailey,Dallywater,hdallywaterkd@vistaprint.com,400-872-8800,566 Reindahl Road
735,Shantee,Oby,sobyke@bloglines.com,224-370-2742,78268 Northland Alley
736,Sella,Mitskevich,smitskevichkf@china.com.cn,453-371-4508,983 Paget Junction
737,Ibrahim,Maudett,imaudettkg@wp.com,269-731-3143,8162 Graedel Hill
738,Ezmeralda,Teodori,eteodorikh@thetimes.co.uk,773-418-3365,27001 Lukken Street
739,Mirella,Dannett,mdannettki@free.fr,517-297-9822,9 Steensland Crossing
740,Phip,Pontefract,ppontefractkj@1und1.de,131-909-4078,78109 Dunning Park
741,Wynn,Boughtwood,wboughtwoodkk@w3.org,310-450-5026,89 Oriole Park
742,Dorita,Rosenkranc,drosenkranckl@sakura.ne.jp,220-265-3877,960 Summit Avenue
743,Joshua,Lucey,jluceykm@sbwire.com,973-485-8637,7379 Vermont Alley
744,Emmery,Derkes,ederkeskn@amazon.co.uk,388-921-1508,6 Westridge Avenue
745,Joellen,Bediss,jbedissko@prlog.org,996-811-5742,62 Lakewood Drive
746,Olav,Martel,omartelkp@t.co,747-428-5659,6 Annamark Center
747,Merrili,Jeaves,mjeaveskq@cargocollective.com,542-716-3195,799 Stang Trail
748,Bar,Henkens,bhenkenskr@alibaba.com,668-881-2800,55446 Quincy Pass
749,Ethelred,Lissemore,elissemoreks@wikia.com,445-167-0534,6325 Holmberg Pass
750,Alvira,Rangell,arangellkt@ihg.com,819-331-0800,783 Schurz Plaza
751,Isak,Dayes,idayesku@symantec.com,118-273-8868,9 Declaration Terrace
752,Galvin,Alvar,galvarkv@apple.com,300-764-9246,1 Forster Way
753,Garrik,Schott,gschottkw@bing.com,893-289-0206,77 Lawn Court
754,Tresa,Kringe,tkringekx@simplemachines.org,766-978-6506,47 Westend Pass
755,Retha,Matuskiewicz,rmatuskiewiczky@bbb.org,134-647-7416,2876 Eastwood Hill
756,Sasha,Ziehms,sziehmskz@smugmug.com,228-630-7553,60506 Marcy Way
757,Hatty,Beachamp,hbeachampl0@surveymonkey.com,973-826-0525,3820 Farmco Way
758,Wyatt,Charker,wcharkerl1@businessinsider.com,410-475-5270,269 Doe Crossing Court
759,Gladi,Phelps,gphelpsl2@google.it,638-281-1112,99 Eastwood Pass
760,Bartlett,Vella,bvellal3@quantcast.com,659-853-4190,3 Dryden Place
761,Tabbitha,Bovaird,tbovairdl4@psu.edu,650-734-9976,3 6th Way
762,Tabatha,Preedy,tpreedyl5@go.com,361-721-9865,499 Merry Hill
763,Rees,Maffi,rmaffil6@gov.uk,833-784-5634,7110 Hoard Park
764,Laure,Luckcuck,lluckcuckl7@nps.gov,917-588-1978,5 Daystar Place
765,Antonietta,Tankus,atankusl8@pen.io,665-556-9214,6 Utah Crossing
766,Doralia,Gronow,dgronowl9@wix.com,516-166-6419,06467 Bashford Center
767,Anny,Plak,aplakla@ehow.com,918-214-2533,2329 Fieldstone Pass
768,Claudell,Wyeth,cwyethlb@simplemachines.org,156-914-2127,60 Randy Point
769,Sasha,Devita,sdevitalc@gnu.org,732-410-9802,262 Jenifer Plaza
770,Fabian,Nevins,fnevinsld@ustream.tv,700-817-0406,419 Corry Junction
771,Florinda,Roostan,froostanle@squidoo.com,243-289-0962,54 Mcguire Circle
772,Jard,Featherstonhalgh,jfeatherstonhalghlf@ca.gov,791-634-7626,44 Fairfield Junction
773,Rosene,Hendron,rhendronlg@devhub.com,421-408-1382,6658 Huxley Circle
774,Tybi,McSweeney,tmcsweeneylh@booking.com,568-724-1141,49752 Ilene Lane
775,Mozes,Dewick,mdewickli@huffingtonpost.com,122-241-0785,30382 Buhler Point
776,Arte,Mingay,amingaylj@shinystat.com,573-473-6595,2 Brickson Park Avenue
777,Catherina,Closs,cclosslk@ezinearticles.com,328-870-4332,55322 Glendale Pass
778,Haleigh,Capelen,hcapelenll@theguardian.com,216-314-3976,9 Westerfield Point
779,Fernando,McDuffy,fmcduffylm@rakuten.co.jp,554-183-1007,92 Esch Crossing
780,Sophie,Kliner,sklinerln@linkedin.com,239-442-5959,37720 Green Alley
781,Pepe,Dregan,pdreganlo@google.de,762-943-9147,7 Prairieview Crossing
782,Linn,Diperaus,ldiperauslp@phpbb.com,156-287-6422,90264 Vermont Trail
783,Nathanael,Nasey,nnaseylq@dailymotion.com,857-720-6039,81296 Packers Road
784,Eliot,Freemantle,efreemantlelr@nbcnews.com,514-659-3210,3 Anthes Way
785,Shalne,Stronack,sstronackls@skyrock.com,115-696-0504,82 Summer Ridge Circle
786,Evanne,Criple,ecriplelt@cafepress.com,604-872-5986,444 Fuller Drive
787,Austina,Aspel,aaspellu@toplist.cz,214-474-0941,0289 Maryland Hill
788,Lonnie,Syddie,lsyddielv@go.com,672-256-4728,53961 Rockefeller Lane
789,Marina,Raulstone,mraulstonelw@livejournal.com,861-265-6818,92 Forest Terrace
790,Talia,Hedlestone,thedlestonelx@psu.edu,240-301-0790,683 Sherman Terrace
791,Maximilianus,Doylend,mdoylendly@reverbnation.com,697-292-8728,6 Village Green Trail
792,Heidi,Dawdry,hdawdrylz@google.co.uk,446-602-5307,4 Buhler Way
793,Leslie,Escoffrey,lescoffreym0@dot.gov,762-786-1141,83229 School Street
794,Currie,MacGlory,cmacglorym1@pinterest.com,802-216-0043,40 Melody Plaza
795,Sly,Raison,sraisonm2@mysql.com,473-893-2278,14 Heath Alley
796,Felipa,Splevins,fsplevinsm3@flavors.me,219-815-4123,936 Paget Road
797,Frankie,Gaisford,fgaisfordm4@multiply.com,355-394-8831,5 Elka Lane
798,Khalil,Pettyfar,kpettyfarm5@lulu.com,165-897-8792,1433 Swallow Circle
799,Alistair,Baud,abaudm6@dropbox.com,116-756-6497,4230 Graceland Terrace
800,Warren,Sarch,wsarchm7@merriam-webster.com,744-956-9165,77939 Bartillon Circle
801,Anitra,Dewar,adewarm8@youtu.be,728-915-3471,7983 Schiller Center
802,Nari,Seale,nsealem9@noaa.gov,304-290-4450,658 Di Loreto Circle
803,Gabi,Bridgewood,gbridgewoodma@bigcartel.com,942-486-9812,8349 Nancy Trail
804,Kristopher,Petrecz,kpetreczmb@skype.com,390-796-4993,45 Union Point
805,Joey,De Lisle,jdelislemc@redcross.org,123-960-9706,64384 Magdeline Way
806,Lin,McKue,lmckuemd@phoca.cz,456-825-5830,3570 Pankratz Trail
807,Edna,Mafham,emafhamme@admin.ch,580-815-2157,9 Dixon Parkway
808,Courtenay,Pelling,cpellingmf@redcross.org,649-675-0839,87 Swallow Alley
809,Mohandas,Gibbons,mgibbonsmg@mit.edu,970-746-2481,99 Fieldstone Terrace
810,Gigi,Sagerson,gsagersonmh@tinyurl.com,611-243-5516,9498 Lunder Road
811,Hussein,Mannie,hmanniemi@so-net.ne.jp,358-960-7597,42 Sutteridge Way
812,Nerti,Gurko,ngurkomj@free.fr,284-561-3550,014 Prairie Rose Street
813,Culver,Gibbard,cgibbardmk@squarespace.com,910-697-3150,424 Jenna Center
814,Sibbie,Callam,scallamml@engadget.com,530-840-7358,84 Sutteridge Hill
815,Kit,Twining,ktwiningmm@jimdo.com,643-917-6732,373 Bayside Center
816,Dill,MacGaffey,dmacgaffeymn@wikia.com,456-292-2680,604 Northridge Street
817,Harald,Matieu,hmatieumo@shutterfly.com,448-430-1098,99253 John Wall Pass
818,Marmaduke,Clayworth,mclayworthmp@mapy.cz,538-997-8799,21945 Green Ridge Circle
819,Hubert,Redhole,hredholemq@bbb.org,327-311-5624,7947 Melvin Hill
820,Adelle,Keyes,akeyesmr@tripadvisor.com,763-336-7468,52721 Havey Crossing
821,Anastasie,Coneybeare,aconeybearems@bluehost.com,822-126-9181,67 Butternut Terrace
822,Annnora,Khoter,akhotermt@fc2.com,516-211-5875,6336 Coleman Place
823,Bat,Corteney,bcorteneymu@so-net.ne.jp,882-500-5620,70140 Grover Park
824,Haslett,Reaper,hreapermv@constantcontact.com,677-874-8877,6 Orin Junction
825,Herve,Lody,hlodymw@delicious.com,622-187-5590,7 Sycamore Street
826,Fawn,Callington,fcallingtonmx@buzzfeed.com,260-527-6779,07021 Sloan Drive
827,Binni,Corter,bcortermy@go.com,399-857-6468,20733 Grover Way
828,Francis,Dubois,fduboismz@jigsy.com,163-641-3938,19360 Namekagon Crossing
829,Hannie,Hedley,hhedleyn0@usda.gov,987-227-0499,3 Manufacturers Hill
830,Gerard,Rudsdell,grudsdelln1@mysql.com,698-748-6424,57 Corscot Parkway
831,Claresta,Hardwell,chardwelln2@prweb.com,973-663-7128,02 Porter Crossing
832,Krishna,Prisk,kpriskn3@aboutads.info,289-917-8510,705 Parkside Terrace
833,Fey,Jurasz,fjuraszn4@list-manage.com,627-307-6339,1 Starling Place
834,Berti,Brugger,bbruggern5@php.net,819-794-8019,2371 Drewry Terrace
835,Nelli,Mc Caughan,nmccaughann6@amazon.co.jp,467-715-6568,66937 Paget Hill
836,Kennie,Drummond,kdrummondn7@umich.edu,206-861-6979,76274 La Follette Pass
837,Adele,Diloway,adilowayn8@ihg.com,481-166-1323,5765 Independence Terrace
838,Shelby,Ivshin,sivshinn9@si.edu,573-228-9977,87980 Pepper Wood Plaza
839,Artie,Kingwell,akingwellna@dailymail.co.uk,580-524-2888,3253 Sugar Road
840,Randie,Askew,raskewnb@marriott.com,695-377-8628,70 Lighthouse Bay Alley
841,Vincents,Wixon,vwixonnc@constantcontact.com,390-333-0134,14 Michigan Alley
842,Joella,Isack,jisacknd@sourceforge.net,149-970-9256,079 Sullivan Park
843,Ann-marie,Rennebach,arennebachne@springer.com,862-519-9058,91387 School Point
844,Neron,Gregg,ngreggnf@wunderground.com,859-499-3049,98 Victoria Lane
845,Pedro,Dignum,pdignumng@imgur.com,843-640-2646,86600 Springs Parkway
846,Dov,Rudolfer,drudolfernh@berkeley.edu,623-193-0900,92 Utah Street
847,Giovanni,Bengefield,gbengefieldni@csmonitor.com,852-492-0135,067 Harbort Point
848,Priscilla,Cunniam,pcunniamnj@etsy.com,843-838-8091,54665 Hagan Avenue
849,Duane,McCorrie,dmccorrienk@nps.gov,564-745-7441,8470 Northland Street
850,Addy,Bodicum,abodicumnl@youku.com,991-204-3737,6836 3rd Parkway
851,Freddi,Bartkiewicz,fbartkiewicznm@delicious.com,740-971-8277,9995 Swallow Center
852,Fan,Buckner,fbucknernn@prweb.com,829-237-1226,6324 Claremont Plaza
853,Elsbeth,Bentham,ebenthamno@bloglovin.com,488-896-2352,62 Pond Street
854,Trudi,Mills,tmillsnp@webeden.co.uk,573-950-7662,528 Northfield Parkway
855,Fitzgerald,Arnatt,farnattnq@marriott.com,195-247-3576,1 Cardinal Park
856,Courtenay,holmes,cholmesnr@hugedomains.com,574-796-7010,39186 Pankratz Trail
857,Tedman,Ammer,tammerns@toplist.cz,357-739-7771,1766 Pleasure Parkway
858,Faye,Fronks,ffronksnt@businessweek.com,658-214-8866,735 Northland Lane
859,Vivyan,Shute,vshutenu@dedecms.com,572-154-5293,90045 Eagan Terrace
860,Lesley,Sulland,lsullandnv@list-manage.com,769-457-8849,6 Lerdahl Plaza
861,Anallese,Hendrik,ahendriknw@networkadvertising.org,686-160-1423,80605 Lerdahl Center
862,Waring,Carlone,wcarlonenx@liveinternet.ru,899-782-9250,744 Macpherson Junction
863,Elana,Mattiuzzi,emattiuzziny@spiegel.de,792-950-3853,14196 Oneill Park
864,Brock,Gillam,bgillamnz@i2i.jp,275-321-0282,9 Petterle Drive
865,Vanni,Klasen,vklaseno0@dropbox.com,421-369-3594,490 Lighthouse Bay Point
866,Merola,Faircloth,mfairclotho1@cnet.com,469-413-1403,114 Rieder Avenue
867,Cosme,Dark,cdarko2@google.co.uk,874-760-3066,85 Twin Pines Crossing
868,Fredrick,Fomichyov,ffomichyovo3@mail.ru,114-378-2630,91 Dryden Park
869,Ardyce,Schneidar,aschneidaro4@dagondesign.com,571-606-5135,75080 Talmadge Point
870,Eleni,Pavese,epaveseo5@imdb.com,344-812-0530,11610 Hanover Place
871,Salvidor,Vallentine,svallentineo6@infoseek.co.jp,899-509-8464,0 High Crossing Plaza
872,Sammy,Nand,snando7@squarespace.com,466-118-8792,651 Briar Crest Trail
873,Rufe,Jupp,rjuppo8@yahoo.com,774-687-3668,914 Loomis Parkway
874,Jennie,Lumbly,jlumblyo9@utexas.edu,726-778-6128,53250 Armistice Park
875,Collie,Beavon,cbeavonoa@blog.com,825-821-9915,58866 Barby Plaza
876,Brooke,Durnall,bdurnallob@cbslocal.com,333-893-8036,893 Lawn Hill
877,Catherina,Povele,cpoveleoc@ask.com,703-921-0069,4391 Crowley Terrace
878,Muffin,Zambonini,mzamboniniod@geocities.com,176-707-6329,82058 Eastwood Street
879,Nataline,Fawlo,nfawlooe@twitter.com,937-774-2456,9450 3rd Place
880,Torry,Tolman,ttolmanof@gmpg.org,616-929-9706,68407 Eliot Point
881,Kathi,Claremont,kclaremontog@fema.gov,915-129-6858,07298 Rockefeller Lane
882,Skippy,Harkins,sharkinsoh@geocities.com,388-123-4643,73 Waxwing Crossing
883,Aubrey,Sherborne,asherborneoi@jimdo.com,632-785-6924,0 Kings Way
884,Keriann,Saltmarsh,ksaltmarshoj@icio.us,234-401-5992,7 Amoth Trail
885,Fonsie,Moyser,fmoyserok@hubpages.com,713-786-7188,9506 Michigan Center
886,Anastasia,Carswell,acarswellol@nyu.edu,381-347-3071,2659 Northwestern Hill
887,Sybille,Reeves,sreevesom@mozilla.org,696-930-3445,70874 Burning Wood Center
888,Tom,Hulme,thulmeon@dedecms.com,486-236-2798,03420 Vernon Plaza
889,Cordi,Ponceford,cponcefordoo@wunderground.com,939-863-9307,67 Mifflin Parkway
890,Arnaldo,Cudd,acuddop@blogs.com,755-249-7212,6 Service Lane
891,Harley,Jobbins,hjobbinsoq@surveymonkey.com,865-649-0765,921 Lillian Center
892,Michelle,Nourse,mnourseor@answers.com,340-886-9417,9 Northwestern Hill
893,Vaughn,Adamini,vadaminios@china.com.cn,104-273-4231,48999 Becker Lane
894,Rici,Foulkes,rfoulkesot@statcounter.com,808-473-9145,51135 Spenser Hill
895,Mechelle,Borgnet,mborgnetou@intel.com,185-922-1415,0 Lindbergh Parkway
896,Laughton,Adney,ladneyov@examiner.com,348-306-3070,5183 6th Terrace
897,Domini,Edmondson,dedmondsonow@un.org,852-747-5966,383 Meadow Valley Hill
898,Vinni,Cron,vcronox@ask.com,102-621-6269,3483 5th Terrace
899,Mathian,Nuzzetti,mnuzzettioy@wikia.com,115-654-9212,3 Larry Street
900,Nicolle,Naul,nnauloz@taobao.com,891-238-5428,33714 Lunder Drive
901,Glynnis,Westhead,gwestheadp0@addthis.com,943-255-0460,2 Northridge Alley
902,Kristoforo,Sclanders,ksclandersp1@bigcartel.com,966-729-0060,27064 Westport Court
903,Sherie,Ferenczi,sferenczip2@noaa.gov,323-560-8715,9424 Reindahl Parkway
904,Crichton,Moryson,cmorysonp3@shareasale.com,138-494-8983,7 Hovde Hill
905,Maurie,Klejin,mklejinp4@ocn.ne.jp,590-647-5732,6 Ramsey Court
906,Chantalle,Foote,cfootep5@independent.co.uk,848-671-2081,53 Cherokee Park
907,Trumann,Dalmon,tdalmonp6@sciencedaily.com,339-574-9389,4308 Eliot Avenue
908,Sibley,Hartmann,shartmannp7@google.es,558-512-0218,10738 Waxwing Point
909,Jereme,Armsby,jarmsbyp8@independent.co.uk,379-293-1113,0 Lillian Lane
910,Mariam,McVeighty,mmcveightyp9@businesswire.com,797-263-2440,3234 Red Cloud Avenue
911,Paolina,Tizzard,ptizzardpa@hugedomains.com,304-970-0044,02065 Lakewood Crossing
912,Koenraad,Hallows,khallowspb@comcast.net,705-713-8412,9379 Monterey Court
913,Emmy,Harkus,eharkuspc@howstuffworks.com,235-462-9114,599 Doe Crossing Point
914,Breanne,Blackly,bblacklypd@plala.or.jp,682-660-3932,848 Macpherson Road
915,Ertha,Codling,ecodlingpe@imgur.com,197-115-7288,66215 Straubel Way
916,Tobe,Rutgers,trutgerspf@theglobeandmail.com,350-366-8730,2167 Raven Center
917,Aridatha,Beyne,abeynepg@ucoz.ru,918-719-5765,508 Tony Crossing
918,Kristofor,Logie,klogieph@fotki.com,307-287-4342,40506 Stang Parkway
919,Ara,Heinsen,aheinsenpi@prweb.com,941-554-5420,7 Barnett Place
920,Ogden,Glazer,oglazerpj@de.vu,817-447-0661,3 Blaine Parkway
921,Gardy,Wildish,gwildishpk@oaic.gov.au,189-355-3356,10 Stoughton Street
922,Matteo,Cracie,mcraciepl@goo.gl,263-384-7178,59533 Graceland Court
923,Stefanie,Stower,sstowerpm@newsvine.com,639-519-4136,134 Lakewood Gardens Hill
924,Tami,Kender,tkenderpn@bandcamp.com,139-815-1762,4 Coleman Place
925,Aubrette,Twitchings,atwitchingspo@indiatimes.com,218-825-3028,86 Ohio Lane
926,Honor,Kwietak,hkwietakpp@4shared.com,652-152-1907,253 Algoma Avenue
927,Perri,Aps,papspq@bing.com,599-399-4840,51 Ryan Lane
928,Daisi,Dragon,ddragonpr@nhs.uk,691-426-6229,14672 Bartillon Court
929,Joy,Kinnach,jkinnachps@gmpg.org,479-816-1154,678 5th Avenue
930,Briano,Breacher,bbreacherpt@weebly.com,576-416-9671,91 Maple Wood Road
931,Genevieve,Hathorn,ghathornpu@fda.gov,515-829-4105,10546 Thackeray Road
932,Nevin,Feilden,nfeildenpv@state.tx.us,892-211-2874,92189 Anderson Drive
933,Andre,Conaghy,aconaghypw@paypal.com,570-679-3483,30 Cardinal Park
934,Tabby,Markwelley,tmarkwelleypx@imdb.com,987-253-8917,63947 Novick Crossing
935,Stephine,Shipperbottom,sshipperbottompy@topsy.com,826-206-6618,60 Comanche Pass
936,Dareen,McGillivrie,dmcgillivriepz@kickstarter.com,632-955-0565,849 Schlimgen Center
937,Tami,Gerty,tgertyq0@ihg.com,350-439-3950,6 Fordem Point
938,Ann,Coughan,acoughanq1@barnesandnoble.com,645-195-2073,57390 Hoard Parkway
939,Danette,Drexel,ddrexelq2@blogtalkradio.com,620-400-1691,64 Sunfield Place
940,Teodoro,Tarquini,ttarquiniq3@myspace.com,306-863-2681,27 Fisk Center
941,Celene,Decent,cdecentq4@spiegel.de,259-955-6183,1514 Service Way
942,Thalia,McBrearty,tmcbreartyq5@mapy.cz,581-379-8217,49506 Coolidge Avenue
943,Roseanne,Bohman,rbohmanq6@apache.org,235-180-5087,7235 Old Shore Alley
944,Averil,Haistwell,ahaistwellq7@oaic.gov.au,866-435-3809,756 Mifflin Pass
945,Shepherd,Urlin,surlinq8@bigcartel.com,415-204-9280,466 Truax Terrace
946,Jere,Phettis,jphettisq9@yale.edu,356-514-7638,7 Fuller Road
947,Sherrie,Huckstepp,shucksteppqa@scientificamerican.com,897-505-8691,974 Shoshone Point
948,Wynn,Trulock,wtrulockqb@comcast.net,161-912-9891,8668 Bellgrove Alley
949,Tailor,Danby,tdanbyqc@blogtalkradio.com,936-560-8530,34 Service Terrace
950,Sammy,Balmann,sbalmannqd@skyrock.com,513-816-8670,955 Carpenter Street
951,Carry,McPhee,cmcpheeqe@arstechnica.com,329-207-8188,586 Express Road
952,Dar,Phillpotts,dphillpottsqf@barnesandnoble.com,583-832-6954,4 Surrey Point
953,Thomas,Blethin,tblethinqg@wisc.edu,368-951-7184,5 Clove Street
954,Devina,Ceschi,dceschiqh@opera.com,653-337-6283,22 Pankratz Drive
955,Ulysses,Davidai,udavidaiqi@shareasale.com,894-526-6280,5453 Thompson Point
956,Raina,Baylie,rbaylieqj@earthlink.net,905-778-4162,79782 Hollow Ridge Crossing
957,Florina,Beales,fbealesqk@patch.com,575-639-5254,0 Lerdahl Drive
958,Robbert,Antonomoli,rantonomoliql@spotify.com,206-769-1820,0 Northwestern Way
959,Hobey,Southouse,hsouthouseqm@webs.com,834-738-2178,8867 Thierer Trail
960,Margaret,Grancher,mgrancherqn@joomla.org,820-196-7018,18180 Washington Crossing
961,Kristin,Maffione,kmaffioneqo@europa.eu,440-307-7216,042 Cambridge Alley
962,Becki,Tethcote,btethcoteqp@people.com.cn,635-256-0369,1 Arapahoe Alley
963,Harlen,Boyd,hboydqq@sfgate.com,752-490-6175,67 Iowa Street
964,Myrwyn,Sidebottom,msidebottomqr@wordpress.com,576-403-3523,4783 Sauthoff Trail
965,Ricard,Ollier,rollierqs@hostgator.com,552-433-7914,8427 Spaight Center
966,Randi,Bunstone,rbunstoneqt@cornell.edu,596-518-3570,8645 Gale Road
967,Davide,Josskowitz,djosskowitzqu@cyberchimps.com,842-328-0508,09 4th Way
968,Sallyanne,MacElharge,smacelhargeqv@nps.gov,967-352-3882,4236 Oneill Road
969,Jacinthe,Feeham,jfeehamqw@nba.com,241-708-1522,2047 Eagan Drive
970,Leland,Guiden,lguidenqx@goo.ne.jp,605-388-7203,28386 Beilfuss Court
971,Geri,Henke,ghenkeqy@elpais.com,319-206-9102,2625 Sunnyside Parkway
972,Alasteir,Rodway,arodwayqz@washingtonpost.com,339-586-9006,345 Claremont Crossing
973,Deny,Mattiello,dmattiellor0@sciencedirect.com,274-609-6809,1048 Clove Place
974,Brandtr,Stainfield,bstainfieldr1@bing.com,505-447-2282,89738 Main Junction
975,Issy,Astin,iastinr2@mayoclinic.com,636-321-5926,97 Hermina Way
976,Milka,Braxay,mbraxayr3@instagram.com,182-768-7462,3667 Everett Circle
977,Cyndia,Hunting,chuntingr4@economist.com,414-490-7542,08711 Shoshone Road
978,Aigneis,Milbourn,amilbournr5@bravesites.com,677-673-3804,36204 Lukken Lane
979,Fidelio,Foss,ffossr6@1und1.de,239-412-8109,7181 Shoshone Drive
980,Ange,Conibere,aconiberer7@github.com,341-404-0224,37 Walton Center
981,Ly,Farington,lfaringtonr8@virginia.edu,154-777-4668,6113 Dryden Alley
982,Bartolemo,Garlee,bgarleer9@lycos.com,800-819-9584,65 Fulton Road
983,Cherry,Fullom,cfullomra@taobao.com,465-141-9080,9 Cambridge Pass
984,Dido,Powles,dpowlesrb@nbcnews.com,495-455-7114,44177 Sundown Park
985,Ichabod,Faire,ifairerc@java.com,671-324-1085,230 Amoth Court
986,Ruben,Dominicacci,rdominicaccird@moonfruit.com,181-620-6560,71 Hovde Court
987,Dawna,Ferminger,dfermingerre@mtv.com,590-980-1600,4 Mcbride Terrace
988,Bert,Mayzes,bmayzesrf@last.fm,778-225-0821,370 Waywood Road
989,Leonhard,Shakelade,lshakeladerg@ftc.gov,341-719-6699,6992 Hermina Parkway
990,Kingsley,Espin,kespinrh@edublogs.org,595-247-0344,0 Fieldstone Way
991,Danya,Eubank,deubankri@wisc.edu,908-891-0084,1630 Manley Street
992,Tabby,Spinks,tspinksrj@unesco.org,958-492-6665,63 Manitowish Parkway
993,Dayle,Pembry,dpembryrk@umn.edu,595-544-4658,0 Schiller Road
994,Antonius,Kleehuhler,akleehuhlerrl@twitpic.com,524-584-1101,974 2nd Crossing
995,Leah,Tonnesen,ltonnesenrm@sogou.com,352-351-6371,56 Oneill Alley
996,Salvidor,Beteriss,sbeterissrn@aol.com,886-389-0324,9715 Bunting Street
997,Ashley,Collis,acollisro@auda.org.au,786-846-9731,342 Sommers Park
998,Giffy,Cardnell,gcardnellrp@auda.org.au,407-227-9020,213 Nelson Center
999,Foss,Bails,fbailsrq@wix.com,691-726-2279,743 Cascade Court
1000,Madelle,Mitcheson,mmitchesonrr@shop-pro.jp,404-390-6066,7 Carpenter Road